/*
 Navicat Premium Data Transfer

 Source Server         : Trust_525
 Source Server Type    : MySQL
 Source Server Version : 80027 (8.0.27)
 Source Host           : 47.94.19.196:3306
 Source Schema         : raw_olist

 Target Server Type    : MySQL
 Target Server Version : 80027 (8.0.27)
 File Encoding         : 65001

 Date: 19/02/2025 17:24:44
*/

CREATE DATABASE raw_olist;
USE raw_olist;
SET NAMES utf8mb4;
SET FOREIGN_KEY_CHECKS = 0;

-- ----------------------------
-- Table structure for CUSTOM
-- ----------------------------
DROP TABLE IF EXISTS `CUSTOM`;
CREATE TABLE `CUSTOM` (
  `customer_id` varchar(255) CHARACTER SET utf8mb4 COLLATE utf8mb4_0900_ai_ci NOT NULL,
  `customer_unique_id` varchar(255) CHARACTER SET utf8mb4 COLLATE utf8mb4_0900_ai_ci DEFAULT NULL,
  `coustomer_name` varchar(255) CHARACTER SET utf8mb4 COLLATE utf8mb4_0900_ai_ci DEFAULT NULL,
  `coustomer_phone` varchar(255) CHARACTER SET utf8mb4 COLLATE utf8mb4_0900_ai_ci DEFAULT NULL,
  `customer_address` varchar(255) CHARACTER SET utf8mb4 COLLATE utf8mb4_0900_ai_ci DEFAULT NULL,
  `coustomer_city` varchar(255) CHARACTER SET utf8mb4 COLLATE utf8mb4_0900_ai_ci DEFAULT NULL,
  `coustomer_username` varchar(255) CHARACTER SET utf8mb4 COLLATE utf8mb4_0900_ai_ci DEFAULT NULL,
  `coustomer_password` varchar(255) CHARACTER SET utf8mb4 COLLATE utf8mb4_0900_ai_ci DEFAULT NULL,
  PRIMARY KEY (`customer_id`) USING BTREE
) ENGINE=InnoDB DEFAULT CHARSET=utf8mb4 COLLATE=utf8mb4_0900_ai_ci;

-- ----------------------------
-- Records of CUSTOM
-- ----------------------------
BEGIN;
INSERT INTO `CUSTOM` (`customer_id`, `customer_unique_id`, `coustomer_name`, `coustomer_phone`, `customer_address`, `coustomer_city`, `coustomer_username`, `coustomer_password`) VALUES ('1176055197084635806', '295c05e81917928d76245e842748184d', '张爱', '17684069975', '5704', '北京', 'VOTfFkSL', 'v4sh7f');
INSERT INTO `CUSTOM` (`customer_id`, `customer_unique_id`, `coustomer_name`, `coustomer_phone`, `customer_address`, `coustomer_city`, `coustomer_username`, `coustomer_password`) VALUES ('1220935012631841591', 'b157c176c3fe04914fde33f2dc8b878a', '张娟文', '14531187438', '60336', '青岛', 'tAeBLPDT', 'Xv5oCN');
INSERT INTO `CUSTOM` (`customer_id`, `customer_unique_id`, `coustomer_name`, `coustomer_phone`, `customer_address`, `coustomer_city`, `coustomer_username`, `coustomer_password`) VALUES ('1823087872672606369', '7a380cb5434e6b6b5b37d45bb99dbe8a', '孙娟文', '14726426007', '9890', '哈尔滨', 'mMZFR0od', '8I6v9c');
INSERT INTO `CUSTOM` (`customer_id`, `customer_unique_id`, `coustomer_name`, `coustomer_phone`, `customer_address`, `coustomer_city`, `coustomer_username`, `coustomer_password`) VALUES ('1950240859377099262', '345ecd01c38d18a9036ed96c73b8d066', '任强', '18779593505', '13056', '上海', 'cU51XHA4', '5NuMox');
INSERT INTO `CUSTOM` (`customer_id`, `customer_unique_id`, `coustomer_name`, `coustomer_phone`, `customer_address`, `coustomer_city`, `coustomer_username`, `coustomer_password`) VALUES ('1952858349086679362', 'b6e99561fe6f34a55b0b7da92f8ed775', '李婷聪', '18316113550', '7124', '苏州', '8sfIBl6y', 'r4aCGg');
INSERT INTO `CUSTOM` (`customer_id`, `customer_unique_id`, `coustomer_name`, `coustomer_phone`, `customer_address`, `coustomer_city`, `coustomer_username`, `coustomer_password`) VALUES ('2029512521916996066', '27cf4b153010911a0957150255a6c6db', '周秀毅', '15698365252', '5351', '杭州', 'rcYZzhkX', '_Vq7Fn');
INSERT INTO `CUSTOM` (`customer_id`, `customer_unique_id`, `coustomer_name`, `coustomer_phone`, `customer_address`, `coustomer_city`, `coustomer_username`, `coustomer_password`) VALUES ('2077282214917306435', '76b029c87118a29f2e3de420f5ec2fa2', '李娟东', '13688556528', '38408', '天津', 'fMLg3ZJz', '_GbfPM');
INSERT INTO `CUSTOM` (`customer_id`, `customer_unique_id`, `coustomer_name`, `coustomer_phone`, `customer_address`, `coustomer_city`, `coustomer_username`, `coustomer_password`) VALUES ('2562300167956153793', 'e021e698833bdeb89dfef3acb2e91f37', '钱文英', '17249675288', '89254', '广州', '9CiR16m4', 'JZk820');
INSERT INTO `CUSTOM` (`customer_id`, `customer_unique_id`, `coustomer_name`, `coustomer_phone`, `customer_address`, `coustomer_city`, `coustomer_username`, `coustomer_password`) VALUES ('257950399846129394', '2e6a42a9b5cbb0da62988694f18ee295', '赵勇', '13856217225', '4571', '苏州', 'x9d1nJ5v', 'Q_9eLu');
INSERT INTO `CUSTOM` (`customer_id`, `customer_unique_id`, `coustomer_name`, `coustomer_phone`, `customer_address`, `coustomer_city`, `coustomer_username`, `coustomer_password`) VALUES ('2809031647022416698', '6d3f61e35d0422fd8cae65b1798784be', '周东', '14995056377', '2175', '天津', 'L1m2QSHP', '4XRTrG');
INSERT INTO `CUSTOM` (`customer_id`, `customer_unique_id`, `coustomer_name`, `coustomer_phone`, `customer_address`, `coustomer_city`, `coustomer_username`, `coustomer_password`) VALUES ('2941408114628290854', '1175e95fb47ddff9de6b2b06188f7e0d', '孙俊', '15031300915', '81560', '上海', '4Pv5LRS2', 'a3Ambf');
INSERT INTO `CUSTOM` (`customer_id`, `customer_unique_id`, `coustomer_name`, `coustomer_phone`, `customer_address`, `coustomer_city`, `coustomer_username`, `coustomer_password`) VALUES ('2998641210340070791', '07d190f123147d9e89d4b922543d7948', '李东', '13961135272', '65075', '青岛', 'gjL5TDtY', '3twD7z');
INSERT INTO `CUSTOM` (`customer_id`, `customer_unique_id`, `coustomer_name`, `coustomer_phone`, `customer_address`, `coustomer_city`, `coustomer_username`, `coustomer_password`) VALUES ('3214058171674554203', 'e9dd12dca17352644a959d9dea133935', '任华婷', '17839588035', '42800', '南京', 'plUVTXOd', '5VkXn4');
INSERT INTO `CUSTOM` (`customer_id`, `customer_unique_id`, `coustomer_name`, `coustomer_phone`, `customer_address`, `coustomer_city`, `coustomer_username`, `coustomer_password`) VALUES ('3391045534421094663', 'e235442a956c524e6c141141171f5801', '张辉聪', '17825219287', '27700', '青岛', 'gjsnZx8p', 'j42Iz1');
INSERT INTO `CUSTOM` (`customer_id`, `customer_unique_id`, `coustomer_name`, `coustomer_phone`, `customer_address`, `coustomer_city`, `coustomer_username`, `coustomer_password`) VALUES ('3446209611990498175', '914b142462685e3161cf3a9f4152a028', '李东文', '13351627796', '44380', '天津', 'DkCx6yNG', '.ZyEjx');
INSERT INTO `CUSTOM` (`customer_id`, `customer_unique_id`, `coustomer_name`, `coustomer_phone`, `customer_address`, `coustomer_city`, `coustomer_username`, `coustomer_password`) VALUES ('3447082299947706875', '4d221875624017bc47b4d1ce7314a5b7', '张爱', '18116488423', '29311', '广州', 'HSLM801p', 'TypebM');
INSERT INTO `CUSTOM` (`customer_id`, `customer_unique_id`, `coustomer_name`, `coustomer_phone`, `customer_address`, `coustomer_city`, `coustomer_username`, `coustomer_password`) VALUES ('3452321146897272875', 'd491a65a6ef3c04e145d37395996bad7', '张强', '13350729230', '4548', '苏州', 'IdNC2q3x', 'UHJGfg');
INSERT INTO `CUSTOM` (`customer_id`, `customer_unique_id`, `coustomer_name`, `coustomer_phone`, `customer_address`, `coustomer_city`, `coustomer_username`, `coustomer_password`) VALUES ('3486518053727924727', '809353196a0456095716566dd226bb48', '钱毅静', '14784568043', '13569', '深圳', 'BNknVYMr', 'PtCeaK');
INSERT INTO `CUSTOM` (`customer_id`, `customer_unique_id`, `coustomer_name`, `coustomer_phone`, `customer_address`, `coustomer_city`, `coustomer_username`, `coustomer_password`) VALUES ('3556721329399866986', 'bf4862777db128507e9efcc789215e9b', '周俊文', '14747397712', '18130', '青岛', '0IqDlRbp', 'KzvfN_');
INSERT INTO `CUSTOM` (`customer_id`, `customer_unique_id`, `coustomer_name`, `coustomer_phone`, `customer_address`, `coustomer_city`, `coustomer_username`, `coustomer_password`) VALUES ('4052288453304829048', '5c2991dbd08bbf3cf410713c4de5a0b5', '钱英毅', '13317407807', '22750', '天津', 'NT5rGBYC', 'Kmwf2N');
INSERT INTO `CUSTOM` (`customer_id`, `customer_unique_id`, `coustomer_name`, `coustomer_phone`, `customer_address`, `coustomer_city`, `coustomer_username`, `coustomer_password`) VALUES ('4113652718193978987', '40febde16f4718a5def537786473b0be', '任平', '15048646544', '93415', '深圳', 'KQIAt3fD', 'cXufzW');
INSERT INTO `CUSTOM` (`customer_id`, `customer_unique_id`, `coustomer_name`, `coustomer_phone`, `customer_address`, `coustomer_city`, `coustomer_username`, `coustomer_password`) VALUES ('4124118525376303184', 'dad5018ffc0de85eb72f72575b552784', '任刚勇', '18063934222', '29307', '青岛', 'dBopKywG', '3GSDPN');
INSERT INTO `CUSTOM` (`customer_id`, `customer_unique_id`, `coustomer_name`, `coustomer_phone`, `customer_address`, `coustomer_city`, `coustomer_username`, `coustomer_password`) VALUES ('4197165217271696269', '424aca6872c5bab80780a8dec03b7516', '周秀英', '13316869840', '12235', '杭州', 'zlUkun1v', 'CSDFWu');
INSERT INTO `CUSTOM` (`customer_id`, `customer_unique_id`, `coustomer_name`, `coustomer_phone`, `customer_address`, `coustomer_city`, `coustomer_username`, `coustomer_password`) VALUES ('4220460051993815592', '9dbb05f5577e862337b93feb8f358839', '张爱爱', '13822357945', '65058', '深圳', '0DkwFaeA', 'Y4hkjD');
INSERT INTO `CUSTOM` (`customer_id`, `customer_unique_id`, `coustomer_name`, `coustomer_phone`, `customer_address`, `coustomer_city`, `coustomer_username`, `coustomer_password`) VALUES ('4253480086828712029', '66cc90195ca44cc7ac6a1cd0e1e1e7b2', '孙强强', '14722368452', '7053', '广州', 'T0MwWUAa', 'vsC9N0');
INSERT INTO `CUSTOM` (`customer_id`, `customer_unique_id`, `coustomer_name`, `coustomer_phone`, `customer_address`, `coustomer_city`, `coustomer_username`, `coustomer_password`) VALUES ('4368668264805574383', 'c3293e875ffb1116018edf76d24e52a2', '赵俊毅', '14787833038', '30190', '哈尔滨', 'kJ3EQKlW', '7Ihrgd');
INSERT INTO `CUSTOM` (`customer_id`, `customer_unique_id`, `coustomer_name`, `coustomer_phone`, `customer_address`, `coustomer_city`, `coustomer_username`, `coustomer_password`) VALUES ('44675286162796919', 'a2b8841410cf77619574d311cd06fd5e', '孙俊强', '13424757080', '72270', '深圳', 'xrTHQcUy', 'ctlRG7');
INSERT INTO `CUSTOM` (`customer_id`, `customer_unique_id`, `coustomer_name`, `coustomer_phone`, `customer_address`, `coustomer_city`, `coustomer_username`, `coustomer_password`) VALUES ('4501022517928384667', '4390ddbb6276a66ff1736a6710205dca', '李刚伟', '14571520235', '82820', '杭州', '9XR61T0H', 'Go4HBT');
INSERT INTO `CUSTOM` (`customer_id`, `customer_unique_id`, `coustomer_name`, `coustomer_phone`, `customer_address`, `coustomer_city`, `coustomer_username`, `coustomer_password`) VALUES ('4578889216282149338', 'cf6d4152d758efc43910e0141ae5b912', '赵毅', '18662904066', '3733', '青岛', '7owpXcIi', '5RuiFA');
INSERT INTO `CUSTOM` (`customer_id`, `customer_unique_id`, `coustomer_name`, `coustomer_phone`, `customer_address`, `coustomer_city`, `coustomer_username`, `coustomer_password`) VALUES ('4632314359926612448', '233896de79986082f1f479f1f85281cb', '任静静', '13960518140', '38300', '上海', 'hISjm4Vl', 'aJQuhC');
INSERT INTO `CUSTOM` (`customer_id`, `customer_unique_id`, `coustomer_name`, `coustomer_phone`, `customer_address`, `coustomer_city`, `coustomer_username`, `coustomer_password`) VALUES ('4632784313049567571', 'c80da60feddb7cf8325bd104032e314a', '李聪', '15618463869', '60140', '天津', 'VWJjRMUs', 'Z82gHN');
INSERT INTO `CUSTOM` (`customer_id`, `customer_unique_id`, `coustomer_name`, `coustomer_phone`, `customer_address`, `coustomer_city`, `coustomer_username`, `coustomer_password`) VALUES ('4703017931116902686', 'cd076285a12f40041b32f5ad8c98699f', '李秀', '15371144497', '5890', '南京', 'fYrUtesw', 'CbhSgP');
INSERT INTO `CUSTOM` (`customer_id`, `customer_unique_id`, `coustomer_name`, `coustomer_phone`, `customer_address`, `coustomer_city`, `coustomer_username`, `coustomer_password`) VALUES ('4722702228441981242', '290c77bc529b7ac935b93aa66c333dc3', '孙聪', '13520047936', '9790', '苏州', 'cnFTq0l9', 'q7RcSu');
INSERT INTO `CUSTOM` (`customer_id`, `customer_unique_id`, `coustomer_name`, `coustomer_phone`, `customer_address`, `coustomer_city`, `coustomer_username`, `coustomer_password`) VALUES ('4743550172121302576', 'a8654e2af5da6bb72f52c22b164855e1', '赵伟静', '14539590729', '5528', '上海', 'oURakQDq', 'nYO_M9');
INSERT INTO `CUSTOM` (`customer_id`, `customer_unique_id`, `coustomer_name`, `coustomer_phone`, `customer_address`, `coustomer_city`, `coustomer_username`, `coustomer_password`) VALUES ('4754919283797347084', 'ef07ba9aa5226f77264ffa5762b2280b', '赵英', '18134216292', '81750', '深圳', 'dWsDLOHY', 'OB0p5h');
INSERT INTO `CUSTOM` (`customer_id`, `customer_unique_id`, `coustomer_name`, `coustomer_phone`, `customer_address`, `coustomer_city`, `coustomer_username`, `coustomer_password`) VALUES ('4925979675974968795', 'bf6e263ffc1f89999827615522b0aa45', '张英', '18682030252', '13573', '北京', '5jyRrqzA', 'xcMZk4');
INSERT INTO `CUSTOM` (`customer_id`, `customer_unique_id`, `coustomer_name`, `coustomer_phone`, `customer_address`, `coustomer_city`, `coustomer_username`, `coustomer_password`) VALUES ('4984405401693137182', 'fd2d5fdb84e65fa6b54b98b0e2df5645', '张辉', '17148454452', '59655', '苏州', '2DInXWoE', 'yYKUph');
INSERT INTO `CUSTOM` (`customer_id`, `customer_unique_id`, `coustomer_name`, `coustomer_phone`, `customer_address`, `coustomer_city`, `coustomer_username`, `coustomer_password`) VALUES ('4985723633430277381', 'a96d5cfa0d3181817e2b946f921ea021', '李辉娟', '13294807993', '74914', '哈尔滨', 'TPvaXjc9', 'iIhSQs');
INSERT INTO `CUSTOM` (`customer_id`, `customer_unique_id`, `coustomer_name`, `coustomer_phone`, `customer_address`, `coustomer_city`, `coustomer_username`, `coustomer_password`) VALUES ('5046502203698478838', '3da7750bf3c1dbd724624a60a9f5942b', '孙强', '17086440235', '21310', '天津', 'uI4PsfYM', 'Gztk9Y');
INSERT INTO `CUSTOM` (`customer_id`, `customer_unique_id`, `coustomer_name`, `coustomer_phone`, `customer_address`, `coustomer_city`, `coustomer_username`, `coustomer_password`) VALUES ('5213291443825581955', '3d49f4455a3947c8dd7e972b3ad8cb76', '孙静勇', '18431517296', '5017', '哈尔滨', 'lT3zrvWV', 'HOoDsZ');
INSERT INTO `CUSTOM` (`customer_id`, `customer_unique_id`, `coustomer_name`, `coustomer_phone`, `customer_address`, `coustomer_city`, `coustomer_username`, `coustomer_password`) VALUES ('5249498322419236383', 'b03e9d9818ee170e9d6b983803c7d406', '赵东俊', '14934603034', '75388', '南京', 'bDwRchME', 'au7KjF');
INSERT INTO `CUSTOM` (`customer_id`, `customer_unique_id`, `coustomer_name`, `coustomer_phone`, `customer_address`, `coustomer_city`, `coustomer_username`, `coustomer_password`) VALUES ('5280522570147423723', '5ad58a4e6a1a656b6bed070cadbaa003', '赵华伟', '14551775245', '35960', '哈尔滨', 'jvC3aBf5', 'Ju8FvQ');
INSERT INTO `CUSTOM` (`customer_id`, `customer_unique_id`, `coustomer_name`, `coustomer_phone`, `customer_address`, `coustomer_city`, `coustomer_username`, `coustomer_password`) VALUES ('5679630566977806379', '7ce5b57a120a2da6a804afa58ffcbfb5', '任婷文', '17152437371', '39406', '深圳', 'bVBMTwtS', 'Rrb9jv');
INSERT INTO `CUSTOM` (`customer_id`, `customer_unique_id`, `coustomer_name`, `coustomer_phone`, `customer_address`, `coustomer_city`, `coustomer_username`, `coustomer_password`) VALUES ('5724143087218781821', '2a7745e1ed516b289ed9b29c7d0539a5', '张辉伟', '15897714028', '39400', '北京', '0XjpPAmi', 'ZwOsbG');
INSERT INTO `CUSTOM` (`customer_id`, `customer_unique_id`, `coustomer_name`, `coustomer_phone`, `customer_address`, `coustomer_city`, `coustomer_username`, `coustomer_password`) VALUES ('5800017488115108911', 'd4397835ae287e492b186d497099439a', '任辉', '13066006965', '11310', '深圳', 'Usg76IE2', 'vJZ3O9');
INSERT INTO `CUSTOM` (`customer_id`, `customer_unique_id`, `coustomer_name`, `coustomer_phone`, `customer_address`, `coustomer_city`, `coustomer_username`, `coustomer_password`) VALUES ('5998961475686952654', 'e079b18794454de9d2be5c12b4392294', '李伟', '17512646739', '27525', '北京', '4fYTaEBA', '6ZJnVt');
INSERT INTO `CUSTOM` (`customer_id`, `customer_unique_id`, `coustomer_name`, `coustomer_phone`, `customer_address`, `coustomer_city`, `coustomer_username`, `coustomer_password`) VALUES ('6088713473786805533', '85d234692f7bee8d6fea586e237334b6', '任辉', '14993442832', '13175', '南京', 'xSFTu14K', 'mt.TqU');
INSERT INTO `CUSTOM` (`customer_id`, `customer_unique_id`, `coustomer_name`, `coustomer_phone`, `customer_address`, `coustomer_city`, `coustomer_username`, `coustomer_password`) VALUES ('6093296032407384173', '3af0b2f7654f613ff1527b997a2ac57e', '孙辉强', '14556266279', '79804', '苏州', 'HT531SLc', 'rysjeO');
INSERT INTO `CUSTOM` (`customer_id`, `customer_unique_id`, `coustomer_name`, `coustomer_phone`, `customer_address`, `coustomer_city`, `coustomer_username`, `coustomer_password`) VALUES ('6164326737605884285', '95700615deef776ed32faa08f0be634e', '钱文婷', '14567566494', '12280', '广州', 'SOHXeUuZ', 'W3i5Lq');
INSERT INTO `CUSTOM` (`customer_id`, `customer_unique_id`, `coustomer_name`, `coustomer_phone`, `customer_address`, `coustomer_city`, `coustomer_username`, `coustomer_password`) VALUES ('6169773414214450551', 'b4d6e1b900d99b52e901860bc1f44e35', '周辉平', '18068716524', '71540', '杭州', 'AydKxzEI', '58Q3Xw');
INSERT INTO `CUSTOM` (`customer_id`, `customer_unique_id`, `coustomer_name`, `coustomer_phone`, `customer_address`, `coustomer_city`, `coustomer_username`, `coustomer_password`) VALUES ('6171715931420513391', '861eff4711a542e4b93843c6dd7febb0', '赵平', '17184830597', '14409', '上海', 'SI8OX0Wc', 'wVqhum');
INSERT INTO `CUSTOM` (`customer_id`, `customer_unique_id`, `coustomer_name`, `coustomer_phone`, `customer_address`, `coustomer_city`, `coustomer_username`, `coustomer_password`) VALUES ('6308049852299591436', '21f748a16f4e1688a9014eb3ee6fa325', '李爱刚', '18789576507', '13412', '杭州', 'nl9UyW6j', 'OCQkF3');
INSERT INTO `CUSTOM` (`customer_id`, `customer_unique_id`, `coustomer_name`, `coustomer_phone`, `customer_address`, `coustomer_city`, `coustomer_username`, `coustomer_password`) VALUES ('6459095100285774509', 'e5dbefdfdf3eff75c8e6cd655f128279', '李秀静', '18374024779', '26272', '苏州', 'tBK0uW7X', 'YyuRLv');
INSERT INTO `CUSTOM` (`customer_id`, `customer_unique_id`, `coustomer_name`, `coustomer_phone`, `customer_address`, `coustomer_city`, `coustomer_username`, `coustomer_password`) VALUES ('6585325919653824410', '0d516ca029d6a28d5cfddd80b27a26dc', '赵强', '13518655109', '22440', '苏州', 'OZnYFJ5K', 'BN8dG9');
INSERT INTO `CUSTOM` (`customer_id`, `customer_unique_id`, `coustomer_name`, `coustomer_phone`, `customer_address`, `coustomer_city`, `coustomer_username`, `coustomer_password`) VALUES ('6663247745600094334', '91ec50a00ae74d0a229d2efdf4344e1e', '钱毅刚', '15757483600', '14026', '北京', 'N9EksfvX', 'Zt_csD');
INSERT INTO `CUSTOM` (`customer_id`, `customer_unique_id`, `coustomer_name`, `coustomer_phone`, `customer_address`, `coustomer_city`, `coustomer_username`, `coustomer_password`) VALUES ('6674243918388127769', '463093247faa080167d77f2e6d1b297d', '赵刚', '17388561206', '13321', '天津', 'tY16er3i', 'dUu6MR');
INSERT INTO `CUSTOM` (`customer_id`, `customer_unique_id`, `coustomer_name`, `coustomer_phone`, `customer_address`, `coustomer_city`, `coustomer_username`, `coustomer_password`) VALUES ('6770186714271599379', '3e6fd6b2f0d499456a6a6820a40f2d79', '孙爱平', '14519409560', '68485', '哈尔滨', 'C54wKIJX', 'eIh4RK');
INSERT INTO `CUSTOM` (`customer_id`, `customer_unique_id`, `coustomer_name`, `coustomer_phone`, `customer_address`, `coustomer_city`, `coustomer_username`, `coustomer_password`) VALUES ('6849775605625170741', '7677c213007e9a6ec9267ea50b5ce5bc', '钱平勇', '17149850390', '2075', '北京', 'l1mi5xC4', 'k8quVA');
INSERT INTO `CUSTOM` (`customer_id`, `customer_unique_id`, `coustomer_name`, `coustomer_phone`, `customer_address`, `coustomer_city`, `coustomer_username`, `coustomer_password`) VALUES ('6884374258198087610', '6edd17d0a29e2d4057e694afee5eaa3b', '赵婷', '17582319440', '28010', '上海', '7tv16HZq', 'VOAHbp');
INSERT INTO `CUSTOM` (`customer_id`, `customer_unique_id`, `coustomer_name`, `coustomer_phone`, `customer_address`, `coustomer_city`, `coustomer_username`, `coustomer_password`) VALUES ('6886908338149537087', 'dd992305cba295d997f263dbdf4e8c2e', '孙辉', '14940424268', '88104', '天津', 'a2jyUMiA', 'cnUuXH');
INSERT INTO `CUSTOM` (`customer_id`, `customer_unique_id`, `coustomer_name`, `coustomer_phone`, `customer_address`, `coustomer_city`, `coustomer_username`, `coustomer_password`) VALUES ('6943978311547820999', 'a302a693d5722d95984e6472150b9391', '赵毅静', '18386647263', '85808', '天津', 'NyrEP2Wp', '_N.w0I');
INSERT INTO `CUSTOM` (`customer_id`, `customer_unique_id`, `coustomer_name`, `coustomer_phone`, `customer_address`, `coustomer_city`, `coustomer_username`, `coustomer_password`) VALUES ('7138760728978928943', 'a8ae36a2bb6c2bbc3b5d62ede131c9ef', '张东东', '15968257612', '18740', '深圳', 'vZLc4s3W', 'hTlAF7');
INSERT INTO `CUSTOM` (`customer_id`, `customer_unique_id`, `coustomer_name`, `coustomer_phone`, `customer_address`, `coustomer_city`, `coustomer_username`, `coustomer_password`) VALUES ('7139629007857384742', 'd33eeadf54cb883e79be640f38c32cdc', '周静', '18640850012', '14860', '南京', 'fb6VutyE', 'BD9G4F');
INSERT INTO `CUSTOM` (`customer_id`, `customer_unique_id`, `coustomer_name`, `coustomer_phone`, `customer_address`, `coustomer_city`, `coustomer_username`, `coustomer_password`) VALUES ('7256245308873331558', '9c0096673baf55453a50073f12d1a37f', '张英毅', '14744319840', '74310', '苏州', 'LGEjJiCU', 'UtQTxm');
INSERT INTO `CUSTOM` (`customer_id`, `customer_unique_id`, `coustomer_name`, `coustomer_phone`, `customer_address`, `coustomer_city`, `coustomer_username`, `coustomer_password`) VALUES ('7292384183478335923', '94b731a41867b47c3856e324840c4c99', '李东文', '15261405092', '3636', '南京', 'IGMYk926', 'JWzilm');
INSERT INTO `CUSTOM` (`customer_id`, `customer_unique_id`, `coustomer_name`, `coustomer_phone`, `customer_address`, `coustomer_city`, `coustomer_username`, `coustomer_password`) VALUES ('7391234330942730478', '332cf4e83e16004ba7dca932ce82475b', '李刚婷', '17212684929', '90010', '南京', 'aTAgwmqj', 'Yt6G_E');
INSERT INTO `CUSTOM` (`customer_id`, `customer_unique_id`, `coustomer_name`, `coustomer_phone`, `customer_address`, `coustomer_city`, `coustomer_username`, `coustomer_password`) VALUES ('7393549186875026271', '67d21c8bea9d6017d1b124d3879dd815', '周娟', '17593226420', '5415', '青岛', 'fxMPZRCv', 'Me7nrt');
INSERT INTO `CUSTOM` (`customer_id`, `customer_unique_id`, `coustomer_name`, `coustomer_phone`, `customer_address`, `coustomer_city`, `coustomer_username`, `coustomer_password`) VALUES ('7421180477178042271', '259dac757896d24d7702b9acbbff3f3c', '任勇辉', '15557720215', '8775', '广州', 'kxSfzUud', 'Dht8f7');
INSERT INTO `CUSTOM` (`customer_id`, `customer_unique_id`, `coustomer_name`, `coustomer_phone`, `customer_address`, `coustomer_city`, `coustomer_username`, `coustomer_password`) VALUES ('7477923990077930143', 'd89e05e2d23c3d8247aeecd07758004b', '孙强', '18179727114', '13212', '北京', 'ZmYtguPf', 'KqeBmH');
INSERT INTO `CUSTOM` (`customer_id`, `customer_unique_id`, `coustomer_name`, `coustomer_phone`, `customer_address`, `coustomer_city`, `coustomer_username`, `coustomer_password`) VALUES ('7574666362664796506', 'a5844ba4bfc8d0cc61d13027c7e63bcc', '李东聪', '14912012184', '8225', '南京', 'lnAu9Qqo', 'KIE8Nu');
INSERT INTO `CUSTOM` (`customer_id`, `customer_unique_id`, `coustomer_name`, `coustomer_phone`, `customer_address`, `coustomer_city`, `coustomer_username`, `coustomer_password`) VALUES ('7576492733975309943', 'd251c190ca75786e9ab937982d60d1d4', '钱俊', '13042027103', '30320', '深圳', 'LMZnSENA', 'pJd1bv');
INSERT INTO `CUSTOM` (`customer_id`, `customer_unique_id`, `coustomer_name`, `coustomer_phone`, `customer_address`, `coustomer_city`, `coustomer_username`, `coustomer_password`) VALUES ('7739411528872377240', '5f102dd37243f152aec3607970aad100', '李秀', '18244850186', '9121', '广州', 'fpQgMzUt', 'fHYZ.X');
INSERT INTO `CUSTOM` (`customer_id`, `customer_unique_id`, `coustomer_name`, `coustomer_phone`, `customer_address`, `coustomer_city`, `coustomer_username`, `coustomer_password`) VALUES ('7758341808673406042', '9e1f719fe5b17b9c51905fee6d6385c1', '钱俊', '13492123079', '5565', '深圳', 'jcIfHQRB', 'DdLKS_');
INSERT INTO `CUSTOM` (`customer_id`, `customer_unique_id`, `coustomer_name`, `coustomer_phone`, `customer_address`, `coustomer_city`, `coustomer_username`, `coustomer_password`) VALUES ('7845847123627321678', '86085586aaa8c5f47ed0b400da64c59d', '李爱', '15952701040', '7176', '青岛', '43IktRpA', 'UiAom3');
INSERT INTO `CUSTOM` (`customer_id`, `customer_unique_id`, `coustomer_name`, `coustomer_phone`, `customer_address`, `coustomer_city`, `coustomer_username`, `coustomer_password`) VALUES ('7846179061900903771', '57b2a98a409812fe9618067b6b8ebe4f', '李勇强', '13278989675', '35182', '广州', 'vhF6zWtI', 'rVEl2t');
INSERT INTO `CUSTOM` (`customer_id`, `customer_unique_id`, `coustomer_name`, `coustomer_phone`, `customer_address`, `coustomer_city`, `coustomer_username`, `coustomer_password`) VALUES ('7971070781882254332', '918dc87cd72cd9f6ed4bd442ed785235', '李强', '14793887681', '18682', '哈尔滨', '50SHhNXU', 'V9r4.h');
INSERT INTO `CUSTOM` (`customer_id`, `customer_unique_id`, `coustomer_name`, `coustomer_phone`, `customer_address`, `coustomer_city`, `coustomer_username`, `coustomer_password`) VALUES ('7987289662851331100', 'fe3634ccefbcdb0537b45fd589e32e8e', '周娟东', '13897043883', '7170', '天津', 'AvegGbZc', 'XLPvWS');
INSERT INTO `CUSTOM` (`customer_id`, `customer_unique_id`, `coustomer_name`, `coustomer_phone`, `customer_address`, `coustomer_city`, `coustomer_username`, `coustomer_password`) VALUES ('8026855518479284455', 'd85547cd859833520b311b4458a14c1c', '周辉', '15523186896', '23970', '深圳', 'Ow50j6Qz', 'e5WAuG');
INSERT INTO `CUSTOM` (`customer_id`, `customer_unique_id`, `coustomer_name`, `coustomer_phone`, `customer_address`, `coustomer_city`, `coustomer_username`, `coustomer_password`) VALUES ('8097362536029952243', '2a46fb94aef5cbeeb850418118cee090', '张毅勇', '15240767629', '20231', '南京', 'XRGb60uy', 'dNnRfi');
INSERT INTO `CUSTOM` (`customer_id`, `customer_unique_id`, `coustomer_name`, `coustomer_phone`, `customer_address`, `coustomer_city`, `coustomer_username`, `coustomer_password`) VALUES ('8105098478177657981', 'a9a77b4e25980b7ca58cb71f878abb27', '李平', '13124254163', '37500', '青岛', '8Yd9n0QR', 'NHO0C_');
INSERT INTO `CUSTOM` (`customer_id`, `customer_unique_id`, `coustomer_name`, `coustomer_phone`, `customer_address`, `coustomer_city`, `coustomer_username`, `coustomer_password`) VALUES ('8134096686733012440', '7eaa86786b5955ab188db287f4726d79', '周爱刚', '17884979184', '37720', '深圳', 'aiGTs365', 'vom86A');
INSERT INTO `CUSTOM` (`customer_id`, `customer_unique_id`, `coustomer_name`, `coustomer_phone`, `customer_address`, `coustomer_city`, `coustomer_username`, `coustomer_password`) VALUES ('8202972334936702318', '060e732b5b29e8181a18229c7b0b2b5e', '孙聪', '14957049318', '1151', '南京', '4v62s0Ak', 'GdgkJK');
INSERT INTO `CUSTOM` (`customer_id`, `customer_unique_id`, `coustomer_name`, `coustomer_phone`, `customer_address`, `coustomer_city`, `coustomer_username`, `coustomer_password`) VALUES ('8203309284730713190', 'e607ede0e63436308660236f5a52da5e', '孙平东', '14978980613', '88034', '天津', 'A7r2umOx', 'Nt8MYu');
INSERT INTO `CUSTOM` (`customer_id`, `customer_unique_id`, `coustomer_name`, `coustomer_phone`, `customer_address`, `coustomer_city`, `coustomer_username`, `coustomer_password`) VALUES ('8373197412183284784', '3151a81801c8386361b62277d7fa5ecf', '李强', '14775841596', '95110', '杭州', 'I3FzVuy6', 'Mb2T4G');
INSERT INTO `CUSTOM` (`customer_id`, `customer_unique_id`, `coustomer_name`, `coustomer_phone`, `customer_address`, `coustomer_city`, `coustomer_username`, `coustomer_password`) VALUES ('8432917039143151287', 'c9158d089637ab443c78984d20da7fc0', '张秀静', '18684758378', '5727', '北京', 'h8JVBndi', 'Zfa4Ie');
INSERT INTO `CUSTOM` (`customer_id`, `customer_unique_id`, `coustomer_name`, `coustomer_phone`, `customer_address`, `coustomer_city`, `coustomer_username`, `coustomer_password`) VALUES ('8679042288232539282', '9afe194fb833f79e300e37e580171f22', '张英', '14934021812', '30575', '哈尔滨', 'Y3HAdIWQ', '2haMuF');
INSERT INTO `CUSTOM` (`customer_id`, `customer_unique_id`, `coustomer_name`, `coustomer_phone`, `customer_address`, `coustomer_city`, `coustomer_username`, `coustomer_password`) VALUES ('8725772124850036960', '7f3a72e8f988c6e735ba118d54f47458', '李爱', '18316424344', '5416', '广州', 'O9BUrDgl', 'gRrzHM');
INSERT INTO `CUSTOM` (`customer_id`, `customer_unique_id`, `coustomer_name`, `coustomer_phone`, `customer_address`, `coustomer_city`, `coustomer_username`, `coustomer_password`) VALUES ('8764800329288160024', 'eca666aec08df69fe31aa9a11d4a3302', '李毅平', '13329910786', '90670', '青岛', '6amNg8jL', 's2kmpK');
INSERT INTO `CUSTOM` (`customer_id`, `customer_unique_id`, `coustomer_name`, `coustomer_phone`, `customer_address`, `coustomer_city`, `coustomer_username`, `coustomer_password`) VALUES ('8784100373027879840', '468d559ef2dcd2bea6d8db78959fb90f', '赵毅', '18290509188', '83709', '上海', 'hxESC1sm', '1Wexd4');
INSERT INTO `CUSTOM` (`customer_id`, `customer_unique_id`, `coustomer_name`, `coustomer_phone`, `customer_address`, `coustomer_city`, `coustomer_username`, `coustomer_password`) VALUES ('8827165144940732844', '44e9a1246448bd68a2e3bf0f1966c57a', '孙平聪', '13697355617', '4537', '哈尔滨', 'fyI2OHto', 'DO_AB6');
INSERT INTO `CUSTOM` (`customer_id`, `customer_unique_id`, `coustomer_name`, `coustomer_phone`, `customer_address`, `coustomer_city`, `coustomer_username`, `coustomer_password`) VALUES ('8838771407728428321', '694cb45ff29b603ac2acd51016770097', '钱文平', '18135909190', '24120', '北京', 'meO4Hzar', '6LGBN.');
INSERT INTO `CUSTOM` (`customer_id`, `customer_unique_id`, `coustomer_name`, `coustomer_phone`, `customer_address`, `coustomer_city`, `coustomer_username`, `coustomer_password`) VALUES ('8846328326587530904', 'b3548d0cec408ae13d143bb4eeebaa6c', '任辉勇', '17117154394', '13323', '杭州', '5FQPmbIK', 'XRfrmJ');
INSERT INTO `CUSTOM` (`customer_id`, `customer_unique_id`, `coustomer_name`, `coustomer_phone`, `customer_address`, `coustomer_city`, `coustomer_username`, `coustomer_password`) VALUES ('9030375823130934020', '4c93744516667ad3b8f1fb645a3116a4', '周辉秀', '14531448784', '89254', '青岛', 'JMIdWnZL', '643vg5');
INSERT INTO `CUSTOM` (`customer_id`, `customer_unique_id`, `coustomer_name`, `coustomer_phone`, `customer_address`, `coustomer_city`, `coustomer_username`, `coustomer_password`) VALUES ('9052906541658272691', '4a4de987b37555970ffcc9608d858a72', '李东', '14966185794', '44033', '上海', '8zTsoy0g', 'T8LDZp');
INSERT INTO `CUSTOM` (`customer_id`, `customer_unique_id`, `coustomer_name`, `coustomer_phone`, `customer_address`, `coustomer_city`, `coustomer_username`, `coustomer_password`) VALUES ('9354389242904842811', 'b436a108536c1dabbc1d3e808d782df9', '李伟', '14732972325', '24431', '青岛', '3DaWi9ol', 'M2PHnQ');
INSERT INTO `CUSTOM` (`customer_id`, `customer_unique_id`, `coustomer_name`, `coustomer_phone`, `customer_address`, `coustomer_city`, `coustomer_username`, `coustomer_password`) VALUES ('9375122330813082233', '482441ea6a06b1f72fe9784756c0ea75', '李毅刚', '14944060232', '5713', '杭州', '5WfX2ckF', 'XHC35Z');
INSERT INTO `CUSTOM` (`customer_id`, `customer_unique_id`, `coustomer_name`, `coustomer_phone`, `customer_address`, `coustomer_city`, `coustomer_username`, `coustomer_password`) VALUES ('9490591698758694383', '0c17f9ac28cbd7323f0f4043e9db5907', '李聪华', '14783616465', '96015', '广州', '4GdoPJ0c', 'ce2rKs');
INSERT INTO `CUSTOM` (`customer_id`, `customer_unique_id`, `coustomer_name`, `coustomer_phone`, `customer_address`, `coustomer_city`, `coustomer_username`, `coustomer_password`) VALUES ('9576005817227104059', '7556f182460418cf30957e6ce377c674', '张秀华', '13167696833', '11347', '南京', 'ZYsF4MQa', 'usYnNb');
INSERT INTO `CUSTOM` (`customer_id`, `customer_unique_id`, `coustomer_name`, `coustomer_phone`, `customer_address`, `coustomer_city`, `coustomer_username`, `coustomer_password`) VALUES ('9624915504772944914', 'addec96d2e059c80c30fe6871d30d177', '赵平聪', '15164826777', '4534', '天津', 'wbnGyWXF', '14Wpa8');
INSERT INTO `CUSTOM` (`customer_id`, `customer_unique_id`, `coustomer_name`, `coustomer_phone`, `customer_address`, `coustomer_city`, `coustomer_username`, `coustomer_password`) VALUES ('9901725972993161168', '8d46223c91cbeb93e0930ca8bd8ffca2', '周刚', '14993429406', '83085', '哈尔滨', 'PW2aCurc', 'nuLszK');
COMMIT;

-- ----------------------------
-- Table structure for ORDERS
-- ----------------------------
DROP TABLE IF EXISTS `ORDERS`;
CREATE TABLE `ORDERS` (
  `order_id` varchar(255) CHARACTER SET utf8mb4 COLLATE utf8mb4_0900_ai_ci NOT NULL,
  `customer_id` varchar(255) CHARACTER SET utf8mb4 COLLATE utf8mb4_0900_ai_ci NOT NULL,
  `order_status` varchar(255) CHARACTER SET utf8mb4 COLLATE utf8mb4_0900_ai_ci NOT NULL,
  `time` datetime DEFAULT NULL,
  PRIMARY KEY (`order_id`,`customer_id`,`order_status`) USING BTREE
) ENGINE=InnoDB DEFAULT CHARSET=utf8mb4 COLLATE=utf8mb4_0900_ai_ci;

-- ----------------------------
-- Records of ORDERS
-- ----------------------------
BEGIN;
INSERT INTO `ORDERS` (`order_id`, `customer_id`, `order_status`, `time`) VALUES ('1095309945520109606', '7987289662851331100', 'delivered', '2024-09-02 18:15:12');
INSERT INTO `ORDERS` (`order_id`, `customer_id`, `order_status`, `time`) VALUES ('1201471148822159491', '6943978311547820999', 'delivered', '2024-09-02 18:14:36');
INSERT INTO `ORDERS` (`order_id`, `customer_id`, `order_status`, `time`) VALUES ('1205715312580675219', '1952858349086679362', 'delivered', '2024-09-02 23:41:31');
INSERT INTO `ORDERS` (`order_id`, `customer_id`, `order_status`, `time`) VALUES ('1240755318914572045', '8203309284730713190', 'delivered', '2024-09-02 14:31:30');
INSERT INTO `ORDERS` (`order_id`, `customer_id`, `order_status`, `time`) VALUES ('1246165831484909859', '6884374258198087610', 'delivered', '2024-09-02 20:42:44');
INSERT INTO `ORDERS` (`order_id`, `customer_id`, `order_status`, `time`) VALUES ('131884429831723582', '7391234330942730478', 'delivered', '2024-09-02 20:31:09');
INSERT INTO `ORDERS` (`order_id`, `customer_id`, `order_status`, `time`) VALUES ('1415750183937132637', '6674243918388127769', 'delivered', '2024-09-02 19:22:22');
INSERT INTO `ORDERS` (`order_id`, `customer_id`, `order_status`, `time`) VALUES ('1423856919877588408', '4743550172121302576', 'delivered', '2024-09-02 13:50:30');
INSERT INTO `ORDERS` (`order_id`, `customer_id`, `order_status`, `time`) VALUES ('1476109339801598718', '6886908338149537087', 'delivered', '2024-09-02 17:12:18');
INSERT INTO `ORDERS` (`order_id`, `customer_id`, `order_status`, `time`) VALUES ('1518319447827200869', '9375122330813082233', 'delivered', '2024-09-02 20:37:35');
INSERT INTO `ORDERS` (`order_id`, `customer_id`, `order_status`, `time`) VALUES ('1628214721525861498', '3486518053727924727', 'delivered', '2024-09-02 08:59:39');
INSERT INTO `ORDERS` (`order_id`, `customer_id`, `order_status`, `time`) VALUES ('1645452818833518725', '7758341808673406042', 'delivered', '2024-09-02 08:35:33');
INSERT INTO `ORDERS` (`order_id`, `customer_id`, `order_status`, `time`) VALUES ('1684770472474985146', '4220460051993815592', 'delivered', '2024-09-02 09:10:34');
INSERT INTO `ORDERS` (`order_id`, `customer_id`, `order_status`, `time`) VALUES ('183019675353668242', '4984405401693137182', 'delivered', '2024-09-02 22:39:29');
INSERT INTO `ORDERS` (`order_id`, `customer_id`, `order_status`, `time`) VALUES ('184461164784932262', '2077282214917306435', 'delivered', '2024-09-02 10:33:30');
INSERT INTO `ORDERS` (`order_id`, `customer_id`, `order_status`, `time`) VALUES ('1952511811859389143', '4197165217271696269', 'delivered', '2024-09-02 11:58:33');
INSERT INTO `ORDERS` (`order_id`, `customer_id`, `order_status`, `time`) VALUES ('2069776679815142326', '6585325919653824410', 'delivered', '2024-09-02 08:48:13');
INSERT INTO `ORDERS` (`order_id`, `customer_id`, `order_status`, `time`) VALUES ('2102331299842673652', '3214058171674554203', 'delivered', '2024-09-02 13:56:04');
INSERT INTO `ORDERS` (`order_id`, `customer_id`, `order_status`, `time`) VALUES ('2209343856544902738', '9052906541658272691', 'delivered', '2024-09-02 22:32:31');
INSERT INTO `ORDERS` (`order_id`, `customer_id`, `order_status`, `time`) VALUES ('2250680018240521114', '4501022517928384667', 'delivered', '2024-09-02 07:55:29');
INSERT INTO `ORDERS` (`order_id`, `customer_id`, `order_status`, `time`) VALUES ('2358606494833579040', '6849775605625170741', 'delivered', '2024-09-02 13:09:48');
INSERT INTO `ORDERS` (`order_id`, `customer_id`, `order_status`, `time`) VALUES ('2822823305435615331', '7138760728978928943', 'delivered', '2024-09-02 16:59:11');
INSERT INTO `ORDERS` (`order_id`, `customer_id`, `order_status`, `time`) VALUES ('2884923102140233344', '7845847123627321678', 'delivered', '2024-09-02 18:53:40');
INSERT INTO `ORDERS` (`order_id`, `customer_id`, `order_status`, `time`) VALUES ('2891021209202556277', '8838771407728428321', 'delivered', '2024-09-02 07:50:33');
INSERT INTO `ORDERS` (`order_id`, `customer_id`, `order_status`, `time`) VALUES ('294827003596500147', '4632784313049567571', 'delivered', '2024-09-02 21:11:26');
INSERT INTO `ORDERS` (`order_id`, `customer_id`, `order_status`, `time`) VALUES ('3025689611090272123', '8105098478177657981', 'delivered', '2024-09-02 16:53:30');
INSERT INTO `ORDERS` (`order_id`, `customer_id`, `order_status`, `time`) VALUES ('3177920950288478471', '7477923990077930143', 'delivered', '2024-09-02 16:02:23');
INSERT INTO `ORDERS` (`order_id`, `customer_id`, `order_status`, `time`) VALUES ('3197223559958528196', '3452321146897272875', 'delivered', '2024-09-02 20:48:59');
INSERT INTO `ORDERS` (`order_id`, `customer_id`, `order_status`, `time`) VALUES ('3200260211800964519', '3556721329399866986', 'delivered', '2024-09-02 21:15:39');
INSERT INTO `ORDERS` (`order_id`, `customer_id`, `order_status`, `time`) VALUES ('325685091645194887', '1823087872672606369', 'delivered', '2024-09-02 13:10:51');
INSERT INTO `ORDERS` (`order_id`, `customer_id`, `order_status`, `time`) VALUES ('3265057440681824702', '8432917039143151287', 'delivered', '2024-09-02 17:10:39');
INSERT INTO `ORDERS` (`order_id`, `customer_id`, `order_status`, `time`) VALUES ('3299814015333757012', '2809031647022416698', 'delivered', '2024-09-02 09:42:43');
INSERT INTO `ORDERS` (`order_id`, `customer_id`, `order_status`, `time`) VALUES ('3579701399134466598', '5679630566977806379', 'delivered', '2024-09-02 13:42:52');
INSERT INTO `ORDERS` (`order_id`, `customer_id`, `order_status`, `time`) VALUES ('3692337112926372596', '4632314359926612448', 'delivered', '2024-09-02 20:28:25');
INSERT INTO `ORDERS` (`order_id`, `customer_id`, `order_status`, `time`) VALUES ('370662263535465878', '8373197412183284784', 'delivered', '2024-09-02 14:14:28');
INSERT INTO `ORDERS` (`order_id`, `customer_id`, `order_status`, `time`) VALUES ('3732244316660213383', '6663247745600094334', 'shipped', '2024-09-02 16:44:48');
INSERT INTO `ORDERS` (`order_id`, `customer_id`, `order_status`, `time`) VALUES ('3894020400579027774', '9576005817227104059', 'delivered', '2024-09-02 22:04:34');
INSERT INTO `ORDERS` (`order_id`, `customer_id`, `order_status`, `time`) VALUES ('4000785850626391430', '8725772124850036960', 'delivered', '2024-09-02 00:03:41');
INSERT INTO `ORDERS` (`order_id`, `customer_id`, `order_status`, `time`) VALUES ('4015314907897432519', '257950399846129394', 'delivered', '2024-09-02 01:50:26');
INSERT INTO `ORDERS` (`order_id`, `customer_id`, `order_status`, `time`) VALUES ('4331883605984653767', '1950240859377099262', 'delivered', '2024-09-02 21:18:39');
INSERT INTO `ORDERS` (`order_id`, `customer_id`, `order_status`, `time`) VALUES ('4447526709874625274', '5046502203698478838', 'delivered', '2024-09-02 00:06:10');
INSERT INTO `ORDERS` (`order_id`, `customer_id`, `order_status`, `time`) VALUES ('4459388341138023672', '9624915504772944914', 'invoiced', '2024-09-02 12:22:08');
INSERT INTO `ORDERS` (`order_id`, `customer_id`, `order_status`, `time`) VALUES ('4463248378397962937', '8679042288232539282', 'delivered', '2024-09-02 11:55:02');
INSERT INTO `ORDERS` (`order_id`, `customer_id`, `order_status`, `time`) VALUES ('4653903560179904291', '8827165144940732844', 'delivered', '2024-09-02 23:45:07');
INSERT INTO `ORDERS` (`order_id`, `customer_id`, `order_status`, `time`) VALUES ('4937560777754196415', '5249498322419236383', 'delivered', '2024-09-02 14:50:15');
INSERT INTO `ORDERS` (`order_id`, `customer_id`, `order_status`, `time`) VALUES ('5132918997013809361', '7971070781882254332', 'delivered', '2024-09-02 10:06:19');
INSERT INTO `ORDERS` (`order_id`, `customer_id`, `order_status`, `time`) VALUES ('5589586438827601788', '4368668264805574383', 'delivered', '2024-09-02 13:26:59');
INSERT INTO `ORDERS` (`order_id`, `customer_id`, `order_status`, `time`) VALUES ('5602580184105361211', '4578889216282149338', 'delivered', '2024-09-02 16:52:55');
INSERT INTO `ORDERS` (`order_id`, `customer_id`, `order_status`, `time`) VALUES ('5624054676262851404', '6093296032407384173', 'delivered', '2024-09-02 10:25:52');
INSERT INTO `ORDERS` (`order_id`, `customer_id`, `order_status`, `time`) VALUES ('5626496037753709853', '8764800329288160024', 'delivered', '2024-09-02 12:55:42');
INSERT INTO `ORDERS` (`order_id`, `customer_id`, `order_status`, `time`) VALUES ('5647684865681211666', '4925979675974968795', 'delivered', '2024-09-02 14:56:50');
INSERT INTO `ORDERS` (`order_id`, `customer_id`, `order_status`, `time`) VALUES ('5874408036783233266', '7846179061900903771', 'delivered', '2024-09-02 13:10:30');
INSERT INTO `ORDERS` (`order_id`, `customer_id`, `order_status`, `time`) VALUES ('6128914506619631556', '6459095100285774509', 'delivered', '2024-09-02 03:06:35');
INSERT INTO `ORDERS` (`order_id`, `customer_id`, `order_status`, `time`) VALUES ('6164802723865749650', '5998961475686952654', 'delivered', '2024-09-02 12:38:58');
INSERT INTO `ORDERS` (`order_id`, `customer_id`, `order_status`, `time`) VALUES ('6174951863380734701', '6770186714271599379', 'delivered', '2024-09-02 15:54:26');
INSERT INTO `ORDERS` (`order_id`, `customer_id`, `order_status`, `time`) VALUES ('63199631012155355', '8026855518479284455', 'delivered', '2024-09-02 08:15:24');
INSERT INTO `ORDERS` (`order_id`, `customer_id`, `order_status`, `time`) VALUES ('638481675310134506', '7139629007857384742', 'delivered', '2024-09-02 14:39:59');
INSERT INTO `ORDERS` (`order_id`, `customer_id`, `order_status`, `time`) VALUES ('646009173201390611', '7576492733975309943', 'delivered', '2024-09-02 13:55:47');
INSERT INTO `ORDERS` (`order_id`, `customer_id`, `order_status`, `time`) VALUES ('6472722877978413384', '3447082299947706875', 'delivered', '2024-09-02 11:45:38');
INSERT INTO `ORDERS` (`order_id`, `customer_id`, `order_status`, `time`) VALUES ('6770959297777854713', '9354389242904842811', 'delivered', '2024-09-02 17:15:46');
INSERT INTO `ORDERS` (`order_id`, `customer_id`, `order_status`, `time`) VALUES ('67821567917300731', '4113652718193978987', 'delivered', '2024-09-02 21:37:10');
INSERT INTO `ORDERS` (`order_id`, `customer_id`, `order_status`, `time`) VALUES ('6826035748806856923', '8134096686733012440', 'delivered', '2024-09-02 11:45:39');
INSERT INTO `ORDERS` (`order_id`, `customer_id`, `order_status`, `time`) VALUES ('6866863279308930538', '5213291443825581955', 'delivered', '2024-09-02 08:18:19');
INSERT INTO `ORDERS` (`order_id`, `customer_id`, `order_status`, `time`) VALUES ('7015239916973230017', '5280522570147423723', 'delivered', '2024-09-02 21:27:48');
INSERT INTO `ORDERS` (`order_id`, `customer_id`, `order_status`, `time`) VALUES ('7177718288252113464', '4124118525376303184', 'delivered', '2024-09-02 13:47:39');
INSERT INTO `ORDERS` (`order_id`, `customer_id`, `order_status`, `time`) VALUES ('7238646567833075085', '2941408114628290854', 'delivered', '2024-09-02 18:29:09');
INSERT INTO `ORDERS` (`order_id`, `customer_id`, `order_status`, `time`) VALUES ('7253752981911189769', '4703017931116902686', 'delivered', '2024-09-02 09:19:48');
INSERT INTO `ORDERS` (`order_id`, `customer_id`, `order_status`, `time`) VALUES ('7386401368739307569', '7292384183478335923', 'delivered', '2024-09-02 11:32:22');
INSERT INTO `ORDERS` (`order_id`, `customer_id`, `order_status`, `time`) VALUES ('7401110262644815317', '4722702228441981242', 'delivered', '2024-09-02 20:41:37');
INSERT INTO `ORDERS` (`order_id`, `customer_id`, `order_status`, `time`) VALUES ('747107345289409130', '6169773414214450551', 'delivered', '2024-09-02 23:23:18');
INSERT INTO `ORDERS` (`order_id`, `customer_id`, `order_status`, `time`) VALUES ('7492243485867184784', '3391045534421094663', 'delivered', '2024-09-02 22:17:15');
INSERT INTO `ORDERS` (`order_id`, `customer_id`, `order_status`, `time`) VALUES ('7645572002776092661', '2998641210340070791', 'delivered', '2024-09-02 12:23:13');
INSERT INTO `ORDERS` (`order_id`, `customer_id`, `order_status`, `time`) VALUES ('7760264155981074116', '9030375823130934020', 'delivered', '2024-09-02 21:57:05');
INSERT INTO `ORDERS` (`order_id`, `customer_id`, `order_status`, `time`) VALUES ('778869606054583353', '8097362536029952243', 'delivered', '2024-09-02 19:58:11');
INSERT INTO `ORDERS` (`order_id`, `customer_id`, `order_status`, `time`) VALUES ('7937502349049615872', '1176055197084635806', 'delivered', '2024-09-02 17:44:10');
INSERT INTO `ORDERS` (`order_id`, `customer_id`, `order_status`, `time`) VALUES ('7973572848739960184', '4754919283797347084', 'delivered', '2024-09-02 23:34:51');
INSERT INTO `ORDERS` (`order_id`, `customer_id`, `order_status`, `time`) VALUES ('8009318204211257470', '2029512521916996066', 'delivered', '2024-09-02 14:02:19');
INSERT INTO `ORDERS` (`order_id`, `customer_id`, `order_status`, `time`) VALUES ('8026459896574268364', '4253480086828712029', 'delivered', '2024-09-02 23:25:30');
INSERT INTO `ORDERS` (`order_id`, `customer_id`, `order_status`, `time`) VALUES ('8035948640255057124', '44675286162796919', 'delivered', '2024-09-02 22:02:15');
INSERT INTO `ORDERS` (`order_id`, `customer_id`, `order_status`, `time`) VALUES ('8188027069638726957', '6164326737605884285', 'delivered', '2024-09-02 08:33:19');
INSERT INTO `ORDERS` (`order_id`, `customer_id`, `order_status`, `time`) VALUES ('826129790493007141', '9490591698758694383', 'delivered', '2024-09-02 11:31:41');
INSERT INTO `ORDERS` (`order_id`, `customer_id`, `order_status`, `time`) VALUES ('836642201863145171', '3446209611990498175', 'delivered', '2024-09-02 08:12:37');
INSERT INTO `ORDERS` (`order_id`, `customer_id`, `order_status`, `time`) VALUES ('8491888431251148941', '1220935012631841591', 'delivered', '2024-09-02 14:27:11');
INSERT INTO `ORDERS` (`order_id`, `customer_id`, `order_status`, `time`) VALUES ('8633196681419960917', '8784100373027879840', 'delivered', '2024-09-02 18:32:47');
INSERT INTO `ORDERS` (`order_id`, `customer_id`, `order_status`, `time`) VALUES ('8647069411904986965', '8202972334936702318', 'delivered', '2024-09-02 08:38:49');
INSERT INTO `ORDERS` (`order_id`, `customer_id`, `order_status`, `time`) VALUES ('8718652750341984851', '7256245308873331558', 'delivered', '2024-09-02 00:00:13');
INSERT INTO `ORDERS` (`order_id`, `customer_id`, `order_status`, `time`) VALUES ('8754956944205392670', '4052288453304829048', 'delivered', '2024-09-02 19:00:43');
INSERT INTO `ORDERS` (`order_id`, `customer_id`, `order_status`, `time`) VALUES ('8894697871460535490', '7574666362664796506', 'delivered', '2024-09-02 11:44:40');
INSERT INTO `ORDERS` (`order_id`, `customer_id`, `order_status`, `time`) VALUES ('889516362662392484', '6171715931420513391', 'delivered', '2024-09-02 10:56:33');
INSERT INTO `ORDERS` (`order_id`, `customer_id`, `order_status`, `time`) VALUES ('9108203918681595906', '6308049852299591436', 'delivered', '2024-09-02 19:03:12');
INSERT INTO `ORDERS` (`order_id`, `customer_id`, `order_status`, `time`) VALUES ('9140175349652884014', '5724143087218781821', 'delivered', '2024-09-02 19:41:10');
INSERT INTO `ORDERS` (`order_id`, `customer_id`, `order_status`, `time`) VALUES ('927817800626928886', '7393549186875026271', 'delivered', '2024-09-02 00:17:37');
INSERT INTO `ORDERS` (`order_id`, `customer_id`, `order_status`, `time`) VALUES ('9417180407137165128', '8846328326587530904', 'delivered', '2024-09-02 21:44:54');
INSERT INTO `ORDERS` (`order_id`, `customer_id`, `order_status`, `time`) VALUES ('9511951980468917589', '7739411528872377240', 'delivered', '2024-09-02 23:46:53');
INSERT INTO `ORDERS` (`order_id`, `customer_id`, `order_status`, `time`) VALUES ('9588211380779894869', '4985723633430277381', 'delivered', '2024-09-02 08:52:40');
INSERT INTO `ORDERS` (`order_id`, `customer_id`, `order_status`, `time`) VALUES ('9680277776162839654', '6088713473786805533', 'delivered', '2024-09-02 15:59:46');
INSERT INTO `ORDERS` (`order_id`, `customer_id`, `order_status`, `time`) VALUES ('9764049326625998570', '9901725972993161168', 'delivered', '2024-09-02 11:24:17');
INSERT INTO `ORDERS` (`order_id`, `customer_id`, `order_status`, `time`) VALUES ('9835806411368385359', '5800017488115108911', 'delivered', '2024-09-02 08:44:17');
INSERT INTO `ORDERS` (`order_id`, `customer_id`, `order_status`, `time`) VALUES ('9941632458398392797', '2562300167956153793', 'delivered', '2024-09-02 20:19:05');
INSERT INTO `ORDERS` (`order_id`, `customer_id`, `order_status`, `time`) VALUES ('9958448666270405189', '7421180477178042271', 'delivered', '2024-09-02 19:28:06');
COMMIT;

-- ----------------------------
-- Table structure for ORDER_ITEMS
-- ----------------------------
DROP TABLE IF EXISTS `ORDER_ITEMS`;
CREATE TABLE `ORDER_ITEMS` (
  `order_item_id` varchar(255) CHARACTER SET utf8mb4 COLLATE utf8mb4_0900_ai_ci NOT NULL,
  `order_id` varchar(255) CHARACTER SET utf8mb4 COLLATE utf8mb4_0900_ai_ci NOT NULL,
  `seller_id` varchar(255) CHARACTER SET utf8mb4 COLLATE utf8mb4_0900_ai_ci DEFAULT NULL,
  `product_id` varchar(255) CHARACTER SET utf8mb4 COLLATE utf8mb4_0900_ai_ci DEFAULT NULL,
  `price` double DEFAULT NULL,
  PRIMARY KEY (`order_item_id`,`order_id`) USING BTREE
) ENGINE=InnoDB DEFAULT CHARSET=utf8mb4 COLLATE=utf8mb4_0900_ai_ci;

-- ----------------------------
-- Records of ORDER_ITEMS
-- ----------------------------
BEGIN;
INSERT INTO `ORDER_ITEMS` (`order_item_id`, `order_id`, `seller_id`, `product_id`, `price`) VALUES ('1012631337982728228', '9417180407137165128', '1178680159663557216', '5993779900332385539', 279.9);
INSERT INTO `ORDER_ITEMS` (`order_item_id`, `order_id`, `seller_id`, `product_id`, `price`) VALUES ('1480361645536241965', '1628214721525861498', '5403724155949536013', '5969590436826248420', 87);
INSERT INTO `ORDER_ITEMS` (`order_item_id`, `order_id`, `seller_id`, `product_id`, `price`) VALUES ('1484722331693342142', '9511951980468917589', '2333371074759582197', '6877795346935468715', 219.9);
INSERT INTO `ORDER_ITEMS` (`order_item_id`, `order_id`, `seller_id`, `product_id`, `price`) VALUES ('1628986678491100522', '3265057440681824702', '3849214876372277209', '5283026198502626967', 24.89);
INSERT INTO `ORDER_ITEMS` (`order_item_id`, `order_id`, `seller_id`, `product_id`, `price`) VALUES ('1742758381515756358', '889516362662392484', '9540765947471136808', '5953492968910534521', 58.9);
INSERT INTO `ORDER_ITEMS` (`order_item_id`, `order_id`, `seller_id`, `product_id`, `price`) VALUES ('1764432524810879270', '8894697871460535490', '1406402402479398652', '8693024947775538362', 48.9);
INSERT INTO `ORDER_ITEMS` (`order_item_id`, `order_id`, `seller_id`, `product_id`, `price`) VALUES ('1791699412176050409', '3177920950288478471', '8378137295966682192', '2600076491557390594', 37.99);
INSERT INTO `ORDER_ITEMS` (`order_item_id`, `order_id`, `seller_id`, `product_id`, `price`) VALUES ('1847292123118073159', '3197223559958528196', '7585510466716331911', '1594411947356696057', 60.6);
INSERT INTO `ORDER_ITEMS` (`order_item_id`, `order_id`, `seller_id`, `product_id`, `price`) VALUES ('1966122092130333147', '7401110262644815317', '5714163049292301094', '1940656420534362184', 239.9);
INSERT INTO `ORDER_ITEMS` (`order_item_id`, `order_id`, `seller_id`, `product_id`, `price`) VALUES ('2050062320872077057', '5602580184105361211', '8735767417255573502', '4126354436677821636', 78);
INSERT INTO `ORDER_ITEMS` (`order_item_id`, `order_id`, `seller_id`, `product_id`, `price`) VALUES ('2114135180313305999', '3299814015333757012', '7049180451551641352', '1911476138863989994', 76);
INSERT INTO `ORDER_ITEMS` (`order_item_id`, `order_id`, `seller_id`, `product_id`, `price`) VALUES ('2276328392050415274', '3579701399134466598', '9958693876478037484', '3191421744731759184', 69.9);
INSERT INTO `ORDER_ITEMS` (`order_item_id`, `order_id`, `seller_id`, `product_id`, `price`) VALUES ('2296112700242264163', '7253752981911189769', '760988555348001968', '6335390772196318211', 78);
INSERT INTO `ORDER_ITEMS` (`order_item_id`, `order_id`, `seller_id`, `product_id`, `price`) VALUES ('2361189560827049254', '9941632458398392797', '8795466161838215602', '3014273329196443720', 18.99);
INSERT INTO `ORDER_ITEMS` (`order_item_id`, `order_id`, `seller_id`, `product_id`, `price`) VALUES ('2372082661781662662', '7386401368739307569', '8211298402220230113', '970788283943693669', 19.9);
INSERT INTO `ORDER_ITEMS` (`order_item_id`, `order_id`, `seller_id`, `product_id`, `price`) VALUES ('2451101031550934057', '1518319447827200869', '2896455270018200295', '3139862501196347065', 119.99);
INSERT INTO `ORDER_ITEMS` (`order_item_id`, `order_id`, `seller_id`, `product_id`, `price`) VALUES ('2454280836439925264', '2822823305435615331', '3698976818454628143', '2246732076316150981', 99);
INSERT INTO `ORDER_ITEMS` (`order_item_id`, `order_id`, `seller_id`, `product_id`, `price`) VALUES ('2556877694985694003', '3894020400579027774', '537271821944322405', '6573413402029627793', 249.9);
INSERT INTO `ORDER_ITEMS` (`order_item_id`, `order_id`, `seller_id`, `product_id`, `price`) VALUES ('2760390652144049783', '1476109339801598718', '8166622027353629385', '442368458609318027', 809.1);
INSERT INTO `ORDER_ITEMS` (`order_item_id`, `order_id`, `seller_id`, `product_id`, `price`) VALUES ('2778884769775987557', '927817800626928886', '2564596766037967300', '4192945406410489831', 8.99);
INSERT INTO `ORDER_ITEMS` (`order_item_id`, `order_id`, `seller_id`, `product_id`, `price`) VALUES ('316385297568650149', '1201471148822159491', '6763231880833369589', '5018505087517245124', 14.95);
INSERT INTO `ORDER_ITEMS` (`order_item_id`, `order_id`, `seller_id`, `product_id`, `price`) VALUES ('3251819115806914727', '6770959297777854713', '2870092726497056146', '975842125919439205', 99.9);
INSERT INTO `ORDER_ITEMS` (`order_item_id`, `order_id`, `seller_id`, `product_id`, `price`) VALUES ('3351441685812219439', '7760264155981074116', '6145044527245074276', '4278837118396250936', 21.9);
INSERT INTO `ORDER_ITEMS` (`order_item_id`, `order_id`, `seller_id`, `product_id`, `price`) VALUES ('3366983752986805497', '6174951863380734701', '483367102787170822', '1859147177444960807', 25);
INSERT INTO `ORDER_ITEMS` (`order_item_id`, `order_id`, `seller_id`, `product_id`, `price`) VALUES ('3381405188824166882', '1952511811859389143', '8289758985073381390', '646640262958125719', 397);
INSERT INTO `ORDER_ITEMS` (`order_item_id`, `order_id`, `seller_id`, `product_id`, `price`) VALUES ('3386332560268724296', '2209343856544902738', '7591105367914876179', '1902630302852747552', 59.9);
INSERT INTO `ORDER_ITEMS` (`order_item_id`, `order_id`, `seller_id`, `product_id`, `price`) VALUES ('3478755808842707612', '63199631012155355', '7864512480965157512', '6841670465186410572', 79.5);
INSERT INTO `ORDER_ITEMS` (`order_item_id`, `order_id`, `seller_id`, `product_id`, `price`) VALUES ('3553843541197618469', '1095309945520109606', '2585875951759552374', '8845903882300600640', 21.9);
INSERT INTO `ORDER_ITEMS` (`order_item_id`, `order_id`, `seller_id`, `product_id`, `price`) VALUES ('3561308456492827906', '4331883605984653767', '6269003615034167215', '7689925690249573500', 199.9);
INSERT INTO `ORDER_ITEMS` (`order_item_id`, `order_id`, `seller_id`, `product_id`, `price`) VALUES ('3634627505175002563', '9680277776162839654', '5366924686844706433', '8613552010543170892', 16.5);
INSERT INTO `ORDER_ITEMS` (`order_item_id`, `order_id`, `seller_id`, `product_id`, `price`) VALUES ('3958736266597540367', '646009173201390611', '9660585973299225386', '3578882739162409045', 54);
INSERT INTO `ORDER_ITEMS` (`order_item_id`, `order_id`, `seller_id`, `product_id`, `price`) VALUES ('4037472680904267713', '7238646567833075085', '2224181830689286721', '5924500800977019513', 145.95);
INSERT INTO `ORDER_ITEMS` (`order_item_id`, `order_id`, `seller_id`, `product_id`, `price`) VALUES ('4114042594628009301', '8633196681419960917', '3413524826826166440', '3277595599550557421', 155);
INSERT INTO `ORDER_ITEMS` (`order_item_id`, `order_id`, `seller_id`, `product_id`, `price`) VALUES ('4154089938696570496', '3692337112926372596', '3186190676182299416', '3909784973410786641', 81.99);
INSERT INTO `ORDER_ITEMS` (`order_item_id`, `order_id`, `seller_id`, `product_id`, `price`) VALUES ('4307718718887199414', '836642201863145171', '211961028199762637', '375341629009871395', 168.8);
INSERT INTO `ORDER_ITEMS` (`order_item_id`, `order_id`, `seller_id`, `product_id`, `price`) VALUES ('4620005450328360128', '5132918997013809361', '651756878708268469', '6011592132341190687', 74);
INSERT INTO `ORDER_ITEMS` (`order_item_id`, `order_id`, `seller_id`, `product_id`, `price`) VALUES ('4869024908956644523', '183019675353668242', '5192696247318469627', '372189281472457007', 44.9);
INSERT INTO `ORDER_ITEMS` (`order_item_id`, `order_id`, `seller_id`, `product_id`, `price`) VALUES ('490330606638381848', '294827003596500147', '3292881940715878433', '9188480856678772938', 149.9);
INSERT INTO `ORDER_ITEMS` (`order_item_id`, `order_id`, `seller_id`, `product_id`, `price`) VALUES ('5064343692897932559', '8035948640255057124', '1545548752608360210', '2506845441764123995', 19.99);
INSERT INTO `ORDER_ITEMS` (`order_item_id`, `order_id`, `seller_id`, `product_id`, `price`) VALUES ('5079083492376220200', '1423856919877588408', '9988847777796867439', '5720807964893199174', 119.9);
INSERT INTO `ORDER_ITEMS` (`order_item_id`, `order_id`, `seller_id`, `product_id`, `price`) VALUES ('5090332295835636664', '2069776679815142326', '9309695146336631746', '6938915973794091288', 149);
INSERT INTO `ORDER_ITEMS` (`order_item_id`, `order_id`, `seller_id`, `product_id`, `price`) VALUES ('5121120422592810710', '370662263535465878', '6102461318941734483', '6015798390658145194', 49.9);
INSERT INTO `ORDER_ITEMS` (`order_item_id`, `order_id`, `seller_id`, `product_id`, `price`) VALUES ('5166138089251343628', '6164802723865749650', '3039822829584486348', '6892972883176088393', 21.33);
INSERT INTO `ORDER_ITEMS` (`order_item_id`, `order_id`, `seller_id`, `product_id`, `price`) VALUES ('5238420817174119610', '2891021209202556277', '810492018973419080', '4161552418239462685', 136.99);
INSERT INTO `ORDER_ITEMS` (`order_item_id`, `order_id`, `seller_id`, `product_id`, `price`) VALUES ('5322762893025510746', '7973572848739960184', '8180978543977635195', '4306398970128316714', 21.33);
INSERT INTO `ORDER_ITEMS` (`order_item_id`, `order_id`, `seller_id`, `product_id`, `price`) VALUES ('5328628859420384063', '747107345289409130', '138406066857182953', '9179865986229348369', 48.9);
INSERT INTO `ORDER_ITEMS` (`order_item_id`, `order_id`, `seller_id`, `product_id`, `price`) VALUES ('5385164837894882782', '3025689611090272123', '6848035409341316882', '7728181162817435048', 159);
INSERT INTO `ORDER_ITEMS` (`order_item_id`, `order_id`, `seller_id`, `product_id`, `price`) VALUES ('5514784580345689142', '4459388341138023672', '7634480793944820595', '3662300238247878359', 19.9);
INSERT INTO `ORDER_ITEMS` (`order_item_id`, `order_id`, `seller_id`, `product_id`, `price`) VALUES ('5549753583606488952', '9108203918681595906', '5091032350735926230', '7325408457035898508', 99.9);
INSERT INTO `ORDER_ITEMS` (`order_item_id`, `order_id`, `seller_id`, `product_id`, `price`) VALUES ('5591725114938898180', '7492243485867184784', '4641978800174236554', '6990857349534545971', 59.9);
INSERT INTO `ORDER_ITEMS` (`order_item_id`, `order_id`, `seller_id`, `product_id`, `price`) VALUES ('5674049117400553466', '8647069411904986965', '373486478904243180', '8868219977663540510', 199);
INSERT INTO `ORDER_ITEMS` (`order_item_id`, `order_id`, `seller_id`, `product_id`, `price`) VALUES ('5779170400412853200', '3732244316660213383', '4631029979821753432', '2123700032149299440', 24.89);
INSERT INTO `ORDER_ITEMS` (`order_item_id`, `order_id`, `seller_id`, `product_id`, `price`) VALUES ('5813383343784762630', '4000785850626391430', '2543882991316226836', '765282402156315201', 99);
INSERT INTO `ORDER_ITEMS` (`order_item_id`, `order_id`, `seller_id`, `product_id`, `price`) VALUES ('6127605726416251688', '9958448666270405189', '1333342452838249712', '1305874407319474189', 12.99);
INSERT INTO `ORDER_ITEMS` (`order_item_id`, `order_id`, `seller_id`, `product_id`, `price`) VALUES ('6251144479066548973', '8026459896574268364', '3646728355435906579', '6825762520307169587', 24.89);
INSERT INTO `ORDER_ITEMS` (`order_item_id`, `order_id`, `seller_id`, `product_id`, `price`) VALUES ('6257531963884485578', '4653903560179904291', '3707953018528408219', '656915767411274308', 232.75);
INSERT INTO `ORDER_ITEMS` (`order_item_id`, `order_id`, `seller_id`, `product_id`, `price`) VALUES ('6345695127996262186', '5624054676262851404', '675786298458611930', '1224542003757636259', 29.99);
INSERT INTO `ORDER_ITEMS` (`order_item_id`, `order_id`, `seller_id`, `product_id`, `price`) VALUES ('6354306902371369909', '2250680018240521114', '3502139876259460541', '9292690113503644061', 49);
INSERT INTO `ORDER_ITEMS` (`order_item_id`, `order_id`, `seller_id`, `product_id`, `price`) VALUES ('6365773863284205081', '8188027069638726957', '7303726295421641479', '9692603425320609177', 120);
INSERT INTO `ORDER_ITEMS` (`order_item_id`, `order_id`, `seller_id`, `product_id`, `price`) VALUES ('636770131842951002', '6472722877978413384', '6243929937452829481', '9082259971829881846', 27.9);
INSERT INTO `ORDER_ITEMS` (`order_item_id`, `order_id`, `seller_id`, `product_id`, `price`) VALUES ('6428253816695591728', '5589586438827601788', '7668019715326673160', '7719303547870493353', 44.9);
INSERT INTO `ORDER_ITEMS` (`order_item_id`, `order_id`, `seller_id`, `product_id`, `price`) VALUES ('6468299718319888190', '8009318204211257470', '2260090187064230043', '8168858740791457856', 38.33);
INSERT INTO `ORDER_ITEMS` (`order_item_id`, `order_id`, `seller_id`, `product_id`, `price`) VALUES ('6548315218111233984', '1684770472474985146', '8764967889369206863', '9180199493043046847', 399.99);
INSERT INTO `ORDER_ITEMS` (`order_item_id`, `order_id`, `seller_id`, `product_id`, `price`) VALUES ('6701655817549745919', '2884923102140233344', '3255390406126258002', '3188652216717856503', 99.99);
INSERT INTO `ORDER_ITEMS` (`order_item_id`, `order_id`, `seller_id`, `product_id`, `price`) VALUES ('6768967226407067426', '7015239916973230017', '5167579269685639978', '941119911886709857', 59.9);
INSERT INTO `ORDER_ITEMS` (`order_item_id`, `order_id`, `seller_id`, `product_id`, `price`) VALUES ('7003558573305690778', '5626496037753709853', '2804138589430259096', '6377742219352683157', 102.9);
INSERT INTO `ORDER_ITEMS` (`order_item_id`, `order_id`, `seller_id`, `product_id`, `price`) VALUES ('7029976209494976303', '4015314907897432519', '1880516147477857370', '3847855938996593454', 109.9);
INSERT INTO `ORDER_ITEMS` (`order_item_id`, `order_id`, `seller_id`, `product_id`, `price`) VALUES ('7127219591859852530', '8491888431251148941', '1018865807740591826', '2583102398845569044', 492.75);
INSERT INTO `ORDER_ITEMS` (`order_item_id`, `order_id`, `seller_id`, `product_id`, `price`) VALUES ('7147342724825209796', '7937502349049615872', '2667937114352833615', '3858057341237662160', 49.9);
INSERT INTO `ORDER_ITEMS` (`order_item_id`, `order_id`, `seller_id`, `product_id`, `price`) VALUES ('7157246983606006345', '2102331299842673652', '2496910484176456117', '6275235160785168347', 21.33);
INSERT INTO `ORDER_ITEMS` (`order_item_id`, `order_id`, `seller_id`, `product_id`, `price`) VALUES ('7239306721779290788', '778869606054583353', '4763580081549816708', '5491140423635165215', 45);
INSERT INTO `ORDER_ITEMS` (`order_item_id`, `order_id`, `seller_id`, `product_id`, `price`) VALUES ('7277829973394675019', '1415750183937132637', '9831209506705932118', '399612211900222245', 63.9);
INSERT INTO `ORDER_ITEMS` (`order_item_id`, `order_id`, `seller_id`, `product_id`, `price`) VALUES ('7328789386978985259', '1645452818833518725', '4620100107087504687', '7712975923046278492', 131.9);
INSERT INTO `ORDER_ITEMS` (`order_item_id`, `order_id`, `seller_id`, `product_id`, `price`) VALUES ('7623008109743955277', '5874408036783233266', '7530080969152785780', '89040717860272859', 810);
INSERT INTO `ORDER_ITEMS` (`order_item_id`, `order_id`, `seller_id`, `product_id`, `price`) VALUES ('7716762975832999655', '4463248378397962937', '869334703658290161', '3598262291676107163', 53.99);
INSERT INTO `ORDER_ITEMS` (`order_item_id`, `order_id`, `seller_id`, `product_id`, `price`) VALUES ('7723736715729550031', '826129790493007141', '7122875581107681392', '9114678537742372842', 135);
INSERT INTO `ORDER_ITEMS` (`order_item_id`, `order_id`, `seller_id`, `product_id`, `price`) VALUES ('7771838168733347035', '4937560777754196415', '5155415770334933226', '1827192351919044709', 74.9);
INSERT INTO `ORDER_ITEMS` (`order_item_id`, `order_id`, `seller_id`, `product_id`, `price`) VALUES ('7831998229479779464', '4447526709874625274', '5522981412467135723', '9266714808795595588', 35.9);
INSERT INTO `ORDER_ITEMS` (`order_item_id`, `order_id`, `seller_id`, `product_id`, `price`) VALUES ('7919265391435684901', '8718652750341984851', '6892789245394932889', '2347287672276201767', 289);
INSERT INTO `ORDER_ITEMS` (`order_item_id`, `order_id`, `seller_id`, `product_id`, `price`) VALUES ('7966955315769682704', '184461164784932262', '6624074045828265481', '6234297235879179349', 88.34);
INSERT INTO `ORDER_ITEMS` (`order_item_id`, `order_id`, `seller_id`, `product_id`, `price`) VALUES ('8185260774605453151', '5647684865681211666', '8972293276257631053', '6975751517678628736', 39.9);
INSERT INTO `ORDER_ITEMS` (`order_item_id`, `order_id`, `seller_id`, `product_id`, `price`) VALUES ('832408406297077944', '9588211380779894869', '7617400313519307232', '5195646837541612067', 21.99);
INSERT INTO `ORDER_ITEMS` (`order_item_id`, `order_id`, `seller_id`, `product_id`, `price`) VALUES ('8368209780814717906', '67821567917300731', '8934348706568654490', '9146238735715610572', 39);
INSERT INTO `ORDER_ITEMS` (`order_item_id`, `order_id`, `seller_id`, `product_id`, `price`) VALUES ('8454298082033985049', '1240755318914572045', '821750159701794537', '4152090991610190144', 47.9);
INSERT INTO `ORDER_ITEMS` (`order_item_id`, `order_id`, `seller_id`, `product_id`, `price`) VALUES ('8601508160850397744', '638481675310134506', '298915492270853289', '5544934402078226280', 195);
INSERT INTO `ORDER_ITEMS` (`order_item_id`, `order_id`, `seller_id`, `product_id`, `price`) VALUES ('8815084550747665215', '8754956944205392670', '5478402755851469805', '1127690772220340234', 639);
INSERT INTO `ORDER_ITEMS` (`order_item_id`, `order_id`, `seller_id`, `product_id`, `price`) VALUES ('9070655853083045041', '131884429831723582', '4347257571319044392', '9770776705302042861', 104);
INSERT INTO `ORDER_ITEMS` (`order_item_id`, `order_id`, `seller_id`, `product_id`, `price`) VALUES ('91074676321969493', '7177718288252113464', '5819936877390766772', '6265556520199869728', 29.99);
INSERT INTO `ORDER_ITEMS` (`order_item_id`, `order_id`, `seller_id`, `product_id`, `price`) VALUES ('9137532677429748479', '9835806411368385359', '4625797957852567320', '2146309803557004708', 94.9);
INSERT INTO `ORDER_ITEMS` (`order_item_id`, `order_id`, `seller_id`, `product_id`, `price`) VALUES ('9256272839558768738', '9140175349652884014', '1198249784656062015', '3297826912276865073', 59.99);
INSERT INTO `ORDER_ITEMS` (`order_item_id`, `order_id`, `seller_id`, `product_id`, `price`) VALUES ('9424511842888077670', '2358606494833579040', '9857535631015764347', '8443894825472102800', 390);
INSERT INTO `ORDER_ITEMS` (`order_item_id`, `order_id`, `seller_id`, `product_id`, `price`) VALUES ('9470702223008963531', '325685091645194887', '7877573858421838968', '6876424948180273360', 102.9);
INSERT INTO `ORDER_ITEMS` (`order_item_id`, `order_id`, `seller_id`, `product_id`, `price`) VALUES ('9651622632263733912', '6128914506619631556', '9952387753715836001', '1186009823584301034', 53.98);
INSERT INTO `ORDER_ITEMS` (`order_item_id`, `order_id`, `seller_id`, `product_id`, `price`) VALUES ('966080470302895432', '1205715312580675219', '106989682814755802', '9698738161017031639', 144);
INSERT INTO `ORDER_ITEMS` (`order_item_id`, `order_id`, `seller_id`, `product_id`, `price`) VALUES ('9829206955427636044', '6826035748806856923', '100655764103073463', '7438167587580651792', 199.99);
INSERT INTO `ORDER_ITEMS` (`order_item_id`, `order_id`, `seller_id`, `product_id`, `price`) VALUES ('9835943837214114568', '3200260211800964519', '716713341125538557', '6928073419426672537', 59.9);
INSERT INTO `ORDER_ITEMS` (`order_item_id`, `order_id`, `seller_id`, `product_id`, `price`) VALUES ('9862143928564030894', '7645572002776092661', '7163362841414936193', '1495670203158992657', 49.75);
INSERT INTO `ORDER_ITEMS` (`order_item_id`, `order_id`, `seller_id`, `product_id`, `price`) VALUES ('9920354970964655513', '1246165831484909859', '4919250675470144597', '6770920264256353246', 225);
INSERT INTO `ORDER_ITEMS` (`order_item_id`, `order_id`, `seller_id`, `product_id`, `price`) VALUES ('9953261243753770886', '9764049326625998570', '9677097212093008143', '3357869394450026221', 18.99);
INSERT INTO `ORDER_ITEMS` (`order_item_id`, `order_id`, `seller_id`, `product_id`, `price`) VALUES ('9984243595177321309', '6866863279308930538', '4730867535328097321', '7125809084071037359', 109.9);
COMMIT;

-- ----------------------------
-- Table structure for ORDER_LOGS
-- ----------------------------
DROP TABLE IF EXISTS `ORDER_LOGS`;
CREATE TABLE `ORDER_LOGS` (
  `order_log_id` varchar(255) CHARACTER SET utf8mb4 COLLATE utf8mb4_0900_ai_ci NOT NULL,
  `order_id` varchar(255) CHARACTER SET utf8mb4 COLLATE utf8mb4_0900_ai_ci NOT NULL,
  `customer_id` varchar(255) CHARACTER SET utf8mb4 COLLATE utf8mb4_0900_ai_ci NOT NULL,
  `order_purchase_timestamp` datetime DEFAULT NULL,
  `order_approved_at` datetime DEFAULT NULL,
  `payment_sequential` int DEFAULT NULL,
  `payment_type` varchar(255) CHARACTER SET utf8mb4 COLLATE utf8mb4_0900_ai_ci DEFAULT NULL,
  `payment_value` double DEFAULT NULL,
  PRIMARY KEY (`order_log_id`,`order_id`,`customer_id`) USING BTREE
) ENGINE=InnoDB DEFAULT CHARSET=utf8mb4 COLLATE=utf8mb4_0900_ai_ci;

-- ----------------------------
-- Records of ORDER_LOGS
-- ----------------------------
BEGIN;
INSERT INTO `ORDER_LOGS` (`order_log_id`, `order_id`, `customer_id`, `order_purchase_timestamp`, `order_approved_at`, `payment_sequential`, `payment_type`, `payment_value`) VALUES ('1068361280735000074', '826129790493007141', '9490591698758694383', '2024-09-02 11:31:41', '2024-09-02 11:46:42', 1, 'boleto', 84.14);
INSERT INTO `ORDER_LOGS` (`order_log_id`, `order_id`, `customer_id`, `order_purchase_timestamp`, `order_approved_at`, `payment_sequential`, `payment_type`, `payment_value`) VALUES ('1075092776645461583', '5602580184105361211', '4578889216282149338', '2024-09-02 16:52:55', '2024-09-02 03:50:24', 1, 'credit_card', 44.01);
INSERT INTO `ORDER_LOGS` (`order_log_id`, `order_id`, `customer_id`, `order_purchase_timestamp`, `order_approved_at`, `payment_sequential`, `payment_type`, `payment_value`) VALUES ('1174745610824816870', '7401110262644815317', '4722702228441981242', '2024-09-02 20:41:37', '2024-09-02 03:24:27', 1, 'credit_card', 24.39);
INSERT INTO `ORDER_LOGS` (`order_log_id`, `order_id`, `customer_id`, `order_purchase_timestamp`, `order_approved_at`, `payment_sequential`, `payment_type`, `payment_value`) VALUES ('1247745177394190717', '67821567917300731', '4113652718193978987', '2024-09-02 21:37:10', '2024-09-02 02:56:02', 1, 'credit_card', 64.03);
INSERT INTO `ORDER_LOGS` (`order_log_id`, `order_id`, `customer_id`, `order_purchase_timestamp`, `order_approved_at`, `payment_sequential`, `payment_type`, `payment_value`) VALUES ('1320281037394371129', '8754956944205392670', '4052288453304829048', '2024-09-02 19:00:43', '2024-09-02 19:09:04', 1, 'credit_card', 132.04);
INSERT INTO `ORDER_LOGS` (`order_log_id`, `order_id`, `customer_id`, `order_purchase_timestamp`, `order_approved_at`, `payment_sequential`, `payment_type`, `payment_value`) VALUES ('1342652741838302117', '4331883605984653767', '1950240859377099262', '2024-09-02 21:18:39', '2024-09-02 22:20:29', 1, 'credit_card', 128.45);
INSERT INTO `ORDER_LOGS` (`order_log_id`, `order_id`, `customer_id`, `order_purchase_timestamp`, `order_approved_at`, `payment_sequential`, `payment_type`, `payment_value`) VALUES ('1378706542602749307', '5626496037753709853', '8764800329288160024', '2024-09-02 12:55:42', '2024-09-02 02:48:54', 1, 'credit_card', 342.56);
INSERT INTO `ORDER_LOGS` (`order_log_id`, `order_id`, `customer_id`, `order_purchase_timestamp`, `order_approved_at`, `payment_sequential`, `payment_type`, `payment_value`) VALUES ('1617709342679274847', '8894697871460535490', '7574666362664796506', '2024-09-02 11:44:40', '2024-09-02 03:24:51', 1, 'boleto', 330.66);
INSERT INTO `ORDER_LOGS` (`order_log_id`, `order_id`, `customer_id`, `order_purchase_timestamp`, `order_approved_at`, `payment_sequential`, `payment_type`, `payment_value`) VALUES ('1634931289350730576', '9835806411368385359', '5800017488115108911', '2024-09-02 08:44:17', '2024-09-02 13:30:02', 1, 'credit_card', 34);
INSERT INTO `ORDER_LOGS` (`order_log_id`, `order_id`, `customer_id`, `order_purchase_timestamp`, `order_approved_at`, `payment_sequential`, `payment_type`, `payment_value`) VALUES ('1747420932236001131', '4447526709874625274', '5046502203698478838', '2024-09-02 00:06:10', '2024-09-02 00:14:55', 1, 'boleto', 166.04);
INSERT INTO `ORDER_LOGS` (`order_log_id`, `order_id`, `customer_id`, `order_purchase_timestamp`, `order_approved_at`, `payment_sequential`, `payment_type`, `payment_value`) VALUES ('1881418365066442627', '8491888431251148941', '1220935012631841591', '2024-09-02 14:27:11', '2024-09-02 14:44:39', 1, 'voucher', 50.8);
INSERT INTO `ORDER_LOGS` (`order_log_id`, `order_id`, `customer_id`, `order_purchase_timestamp`, `order_approved_at`, `payment_sequential`, `payment_type`, `payment_value`) VALUES ('1938023463771270953', '2069776679815142326', '6585325919653824410', '2024-09-02 08:48:13', '2024-09-02 18:25:22', 1, 'boleto', 90.05);
INSERT INTO `ORDER_LOGS` (`order_log_id`, `order_id`, `customer_id`, `order_purchase_timestamp`, `order_approved_at`, `payment_sequential`, `payment_type`, `payment_value`) VALUES ('1945598974359222001', '6174951863380734701', '6770186714271599379', '2024-09-02 15:54:26', '2024-09-02 16:08:14', 1, 'credit_card', 136.71);
INSERT INTO `ORDER_LOGS` (`order_log_id`, `order_id`, `customer_id`, `order_purchase_timestamp`, `order_approved_at`, `payment_sequential`, `payment_type`, `payment_value`) VALUES ('2033848884760722619', '2102331299842673652', '3214058171674554203', '2024-09-02 13:56:04', '2024-09-02 13:54:13', 1, 'credit_card', 26.58);
INSERT INTO `ORDER_LOGS` (`order_log_id`, `order_id`, `customer_id`, `order_purchase_timestamp`, `order_approved_at`, `payment_sequential`, `payment_type`, `payment_value`) VALUES ('2053338372006517903', '2209343856544902738', '9052906541658272691', '2024-09-02 22:32:31', '2024-09-02 22:49:32', 1, 'credit_card', 51.14);
INSERT INTO `ORDER_LOGS` (`order_log_id`, `order_id`, `customer_id`, `order_purchase_timestamp`, `order_approved_at`, `payment_sequential`, `payment_type`, `payment_value`) VALUES ('2075304456030943468', '1205715312580675219', '1952858349086679362', '2024-09-02 23:41:31', '2024-09-02 23:50:22', 1, 'credit_card', 98.94);
INSERT INTO `ORDER_LOGS` (`order_log_id`, `order_id`, `customer_id`, `order_purchase_timestamp`, `order_approved_at`, `payment_sequential`, `payment_type`, `payment_value`) VALUES ('2081780826432840102', '6164802723865749650', '5998961475686952654', '2024-09-02 12:38:58', '2024-09-02 12:50:30', 1, 'credit_card', 89.68);
INSERT INTO `ORDER_LOGS` (`order_log_id`, `order_id`, `customer_id`, `order_purchase_timestamp`, `order_approved_at`, `payment_sequential`, `payment_type`, `payment_value`) VALUES ('2324892986305772558', '747107345289409130', '6169773414214450551', '2024-09-02 23:23:18', '2024-09-02 19:24:14', 1, 'credit_card', 73.34);
INSERT INTO `ORDER_LOGS` (`order_log_id`, `order_id`, `customer_id`, `order_purchase_timestamp`, `order_approved_at`, `payment_sequential`, `payment_type`, `payment_value`) VALUES ('2375946067104249057', '8035948640255057124', '44675286162796919', '2024-09-02 22:02:15', '2024-09-02 02:51:18', 1, 'credit_card', 105.53);
INSERT INTO `ORDER_LOGS` (`order_log_id`, `order_id`, `customer_id`, `order_purchase_timestamp`, `order_approved_at`, `payment_sequential`, `payment_type`, `payment_value`) VALUES ('2455825962918264189', '1645452818833518725', '7758341808673406042', '2024-09-02 08:35:33', '2024-09-02 08:52:24', 1, 'credit_card', 56.77);
INSERT INTO `ORDER_LOGS` (`order_log_id`, `order_id`, `customer_id`, `order_purchase_timestamp`, `order_approved_at`, `payment_sequential`, `payment_type`, `payment_value`) VALUES ('2559478626857999492', '8633196681419960917', '8784100373027879840', '2024-09-02 18:32:47', '2024-09-02 18:45:18', 1, 'credit_card', 187.51);
INSERT INTO `ORDER_LOGS` (`order_log_id`, `order_id`, `customer_id`, `order_purchase_timestamp`, `order_approved_at`, `payment_sequential`, `payment_type`, `payment_value`) VALUES ('2655026041593198777', '9588211380779894869', '4985723633430277381', '2024-09-02 08:52:40', '2024-09-02 09:09:31', 1, 'credit_card', 170.57);
INSERT INTO `ORDER_LOGS` (`order_log_id`, `order_id`, `customer_id`, `order_purchase_timestamp`, `order_approved_at`, `payment_sequential`, `payment_type`, `payment_value`) VALUES ('2693021189661976185', '836642201863145171', '3446209611990498175', '2024-09-02 08:12:37', '2024-09-02 08:52:58', 1, 'credit_card', 48.62);
INSERT INTO `ORDER_LOGS` (`order_log_id`, `order_id`, `customer_id`, `order_purchase_timestamp`, `order_approved_at`, `payment_sequential`, `payment_type`, `payment_value`) VALUES ('2703115898524031182', '1952511811859389143', '4197165217271696269', '2024-09-02 11:58:33', '2024-09-02 02:45:24', 1, 'credit_card', 13.78);
INSERT INTO `ORDER_LOGS` (`order_log_id`, `order_id`, `customer_id`, `order_purchase_timestamp`, `order_approved_at`, `payment_sequential`, `payment_type`, `payment_value`) VALUES ('272421788634229987', '7177718288252113464', '4124118525376303184', '2024-09-02 13:47:39', '2024-09-02 02:37:29', 1, 'voucher', 69.46);
INSERT INTO `ORDER_LOGS` (`order_log_id`, `order_id`, `customer_id`, `order_purchase_timestamp`, `order_approved_at`, `payment_sequential`, `payment_type`, `payment_value`) VALUES ('2725729757631197687', '4463248378397962937', '8679042288232539282', '2024-09-02 11:55:02', '2024-09-02 12:05:32', 1, 'boleto', 51.95);
INSERT INTO `ORDER_LOGS` (`order_log_id`, `order_id`, `customer_id`, `order_purchase_timestamp`, `order_approved_at`, `payment_sequential`, `payment_type`, `payment_value`) VALUES ('2793082448501593577', '927817800626928886', '7393549186875026271', '2024-09-02 00:17:37', '2024-09-02 02:15:31', 1, 'credit_card', 77.29);
INSERT INTO `ORDER_LOGS` (`order_log_id`, `order_id`, `customer_id`, `order_purchase_timestamp`, `order_approved_at`, `payment_sequential`, `payment_type`, `payment_value`) VALUES ('2803541598182364279', '2358606494833579040', '6849775605625170741', '2024-09-02 13:09:48', '2024-09-02 13:24:34', 1, 'credit_card', 387.8);
INSERT INTO `ORDER_LOGS` (`order_log_id`, `order_id`, `customer_id`, `order_purchase_timestamp`, `order_approved_at`, `payment_sequential`, `payment_type`, `payment_value`) VALUES ('2953451477653300521', '4000785850626391430', '8725772124850036960', '2024-09-02 00:03:41', '2024-09-02 00:14:22', 1, 'credit_card', 244.15);
INSERT INTO `ORDER_LOGS` (`order_log_id`, `order_id`, `customer_id`, `order_purchase_timestamp`, `order_approved_at`, `payment_sequential`, `payment_type`, `payment_value`) VALUES ('2962888976903255708', '131884429831723582', '7391234330942730478', '2024-09-02 20:31:09', '2024-09-02 06:15:25', 1, 'credit_card', 210.82);
INSERT INTO `ORDER_LOGS` (`order_log_id`, `order_id`, `customer_id`, `order_purchase_timestamp`, `order_approved_at`, `payment_sequential`, `payment_type`, `payment_value`) VALUES ('3089554521158463001', '6826035748806856923', '8134096686733012440', '2024-09-02 11:45:39', '2024-09-02 03:10:20', 1, 'credit_card', 566.4);
INSERT INTO `ORDER_LOGS` (`order_log_id`, `order_id`, `customer_id`, `order_purchase_timestamp`, `order_approved_at`, `payment_sequential`, `payment_type`, `payment_value`) VALUES ('3099339640654861110', '3177920950288478471', '7477923990077930143', '2024-09-02 16:02:23', '2024-09-02 17:00:57', 1, 'boleto', 89.63);
INSERT INTO `ORDER_LOGS` (`order_log_id`, `order_id`, `customer_id`, `order_purchase_timestamp`, `order_approved_at`, `payment_sequential`, `payment_type`, `payment_value`) VALUES ('3110142105436633294', '7645572002776092661', '2998641210340070791', '2024-09-02 12:23:13', '2024-09-02 03:35:15', 1, 'credit_card', 157.15);
INSERT INTO `ORDER_LOGS` (`order_log_id`, `order_id`, `customer_id`, `order_purchase_timestamp`, `order_approved_at`, `payment_sequential`, `payment_type`, `payment_value`) VALUES ('3113805636346194146', '1518319447827200869', '9375122330813082233', '2024-09-02 20:37:35', '2024-09-02 20:50:22', 1, 'credit_card', 67.5);
INSERT INTO `ORDER_LOGS` (`order_log_id`, `order_id`, `customer_id`, `order_purchase_timestamp`, `order_approved_at`, `payment_sequential`, `payment_type`, `payment_value`) VALUES ('3413514954551265214', '9958448666270405189', '7421180477178042271', '2024-09-02 19:28:06', '2024-09-02 19:45:59', 1, 'credit_card', 107.78);
INSERT INTO `ORDER_LOGS` (`order_log_id`, `order_id`, `customer_id`, `order_purchase_timestamp`, `order_approved_at`, `payment_sequential`, `payment_type`, `payment_value`) VALUES ('3529301181660282980', '7937502349049615872', '1176055197084635806', '2024-09-02 17:44:10', '2024-09-02 17:55:14', 1, 'credit_card', 102.66);
INSERT INTO `ORDER_LOGS` (`order_log_id`, `order_id`, `customer_id`, `order_purchase_timestamp`, `order_approved_at`, `payment_sequential`, `payment_type`, `payment_value`) VALUES ('3831952294995254253', '3894020400579027774', '9576005817227104059', '2024-09-02 22:04:34', '2024-09-02 04:10:18', 1, 'credit_card', 77.7);
INSERT INTO `ORDER_LOGS` (`order_log_id`, `order_id`, `customer_id`, `order_purchase_timestamp`, `order_approved_at`, `payment_sequential`, `payment_type`, `payment_value`) VALUES ('4078944709090809218', '6472722877978413384', '3447082299947706875', '2024-09-02 11:45:38', '2024-09-02 12:55:01', 1, 'credit_card', 290.16);
INSERT INTO `ORDER_LOGS` (`order_log_id`, `order_id`, `customer_id`, `order_purchase_timestamp`, `order_approved_at`, `payment_sequential`, `payment_type`, `payment_value`) VALUES ('4182086741906937434', '2822823305435615331', '7138760728978928943', '2024-09-02 16:59:11', '2024-09-02 01:17:39', 1, 'credit_card', 153.41);
INSERT INTO `ORDER_LOGS` (`order_log_id`, `order_id`, `customer_id`, `order_purchase_timestamp`, `order_approved_at`, `payment_sequential`, `payment_type`, `payment_value`) VALUES ('4211428632842993501', '9108203918681595906', '6308049852299591436', '2024-09-02 19:03:12', '2024-09-02 23:31:02', 1, 'credit_card', 157.45);
INSERT INTO `ORDER_LOGS` (`order_log_id`, `order_id`, `customer_id`, `order_purchase_timestamp`, `order_approved_at`, `payment_sequential`, `payment_type`, `payment_value`) VALUES ('4554753280940656229', '1201471148822159491', '6943978311547820999', '2024-09-02 18:14:36', '2024-09-02 18:14:36', 1, 'credit_card', 43.77);
INSERT INTO `ORDER_LOGS` (`order_log_id`, `order_id`, `customer_id`, `order_purchase_timestamp`, `order_approved_at`, `payment_sequential`, `payment_type`, `payment_value`) VALUES ('4678128874485384009', '7015239916973230017', '5280522570147423723', '2024-09-02 21:27:48', '2024-09-02 00:21:09', 1, 'credit_card', 117.74);
INSERT INTO `ORDER_LOGS` (`order_log_id`, `order_id`, `customer_id`, `order_purchase_timestamp`, `order_approved_at`, `payment_sequential`, `payment_type`, `payment_value`) VALUES ('4706154609264696319', '325685091645194887', '1823087872672606369', '2024-09-02 13:10:51', '2024-09-02 13:36:50', 1, 'credit_card', 73.34);
INSERT INTO `ORDER_LOGS` (`order_log_id`, `order_id`, `customer_id`, `order_purchase_timestamp`, `order_approved_at`, `payment_sequential`, `payment_type`, `payment_value`) VALUES ('478196924513786290', '8647069411904986965', '8202972334936702318', '2024-09-02 08:38:49', '2024-09-02 08:55:23', 1, 'credit_card', 65.71);
INSERT INTO `ORDER_LOGS` (`order_log_id`, `order_id`, `customer_id`, `order_purchase_timestamp`, `order_approved_at`, `payment_sequential`, `payment_type`, `payment_value`) VALUES ('4993964248595822924', '7760264155981074116', '9030375823130934020', '2024-09-02 21:57:05', '2024-09-02 22:10:13', 1, 'credit_card', 96.12);
INSERT INTO `ORDER_LOGS` (`order_log_id`, `order_id`, `customer_id`, `order_purchase_timestamp`, `order_approved_at`, `payment_sequential`, `payment_type`, `payment_value`) VALUES ('5038894929723836168', '2884923102140233344', '7845847123627321678', '2024-09-02 18:53:40', '2024-09-02 19:05:17', 1, 'credit_card', 47.72);
INSERT INTO `ORDER_LOGS` (`order_log_id`, `order_id`, `customer_id`, `order_purchase_timestamp`, `order_approved_at`, `payment_sequential`, `payment_type`, `payment_value`) VALUES ('5121522360785383384', '9511951980468917589', '7739411528872377240', '2024-09-02 23:46:53', '2024-09-02 02:30:46', 2, 'voucher', 45.17);
INSERT INTO `ORDER_LOGS` (`order_log_id`, `order_id`, `customer_id`, `order_purchase_timestamp`, `order_approved_at`, `payment_sequential`, `payment_type`, `payment_value`) VALUES ('5155310168212475302', '4459388341138023672', '9624915504772944914', '2024-09-02 12:22:08', '2024-09-02 13:25:17', 1, 'credit_card', 81.16);
INSERT INTO `ORDER_LOGS` (`order_log_id`, `order_id`, `customer_id`, `order_purchase_timestamp`, `order_approved_at`, `payment_sequential`, `payment_type`, `payment_value`) VALUES ('5218505947013635982', '7238646567833075085', '2941408114628290854', '2024-09-02 18:29:09', '2024-09-02 02:50:47', 1, 'credit_card', 341.09);
INSERT INTO `ORDER_LOGS` (`order_log_id`, `order_id`, `customer_id`, `order_purchase_timestamp`, `order_approved_at`, `payment_sequential`, `payment_type`, `payment_value`) VALUES ('5268450700009186190', '778869606054583353', '8097362536029952243', '2024-09-02 19:58:11', '2024-09-02 20:10:08', 1, 'credit_card', 141.9);
INSERT INTO `ORDER_LOGS` (`order_log_id`, `order_id`, `customer_id`, `order_purchase_timestamp`, `order_approved_at`, `payment_sequential`, `payment_type`, `payment_value`) VALUES ('5501233664044372509', '3265057440681824702', '8432917039143151287', '2024-09-02 17:10:39', '2024-09-02 17:25:11', 1, 'boleto', 56.6);
INSERT INTO `ORDER_LOGS` (`order_log_id`, `order_id`, `customer_id`, `order_purchase_timestamp`, `order_approved_at`, `payment_sequential`, `payment_type`, `payment_value`) VALUES ('5588520266565843556', '1476109339801598718', '6886908338149537087', '2024-09-02 17:12:18', '2024-09-02 17:28:27', 1, 'boleto', 130.88);
INSERT INTO `ORDER_LOGS` (`order_log_id`, `order_id`, `customer_id`, `order_purchase_timestamp`, `order_approved_at`, `payment_sequential`, `payment_type`, `payment_value`) VALUES ('5621280934840379382', '889516362662392484', '6171715931420513391', '2024-09-02 10:56:33', '2024-09-02 11:07:15', 1, 'credit_card', 99.33);
INSERT INTO `ORDER_LOGS` (`order_log_id`, `order_id`, `customer_id`, `order_purchase_timestamp`, `order_approved_at`, `payment_sequential`, `payment_type`, `payment_value`) VALUES ('5785602980533133865', '6128914506619631556', '6459095100285774509', '2024-09-02 03:06:35', '2024-09-02 03:25:08', 1, 'credit_card', 48.68);
INSERT INTO `ORDER_LOGS` (`order_log_id`, `order_id`, `customer_id`, `order_purchase_timestamp`, `order_approved_at`, `payment_sequential`, `payment_type`, `payment_value`) VALUES ('5852117972608583468', '1423856919877588408', '4743550172121302576', '2024-09-02 13:50:30', '2024-09-02 14:47:35', 1, 'boleto', 283.34);
INSERT INTO `ORDER_LOGS` (`order_log_id`, `order_id`, `customer_id`, `order_purchase_timestamp`, `order_approved_at`, `payment_sequential`, `payment_type`, `payment_value`) VALUES ('5941419577954976205', '5589586438827601788', '4368668264805574383', '2024-09-02 13:26:59', '2024-09-02 13:35:31', 1, 'credit_card', 37.58);
INSERT INTO `ORDER_LOGS` (`order_log_id`, `order_id`, `customer_id`, `order_purchase_timestamp`, `order_approved_at`, `payment_sequential`, `payment_type`, `payment_value`) VALUES ('5998896906158830957', '5132918997013809361', '7971070781882254332', '2024-09-02 10:06:19', '2024-09-02 03:13:12', 1, 'credit_card', 75.78);
INSERT INTO `ORDER_LOGS` (`order_log_id`, `order_id`, `customer_id`, `order_purchase_timestamp`, `order_approved_at`, `payment_sequential`, `payment_type`, `payment_value`) VALUES ('6141275335337238488', '7253752981911189769', '4703017931116902686', '2024-09-02 09:19:48', '2024-09-02 09:35:18', 2, 'voucher', 57.53);
INSERT INTO `ORDER_LOGS` (`order_log_id`, `order_id`, `customer_id`, `order_purchase_timestamp`, `order_approved_at`, `payment_sequential`, `payment_type`, `payment_value`) VALUES ('6165737605919418286', '5647684865681211666', '4925979675974968795', '2024-09-02 14:56:50', '2024-09-02 03:49:34', 1, 'credit_card', 13.8);
INSERT INTO `ORDER_LOGS` (`order_log_id`, `order_id`, `customer_id`, `order_purchase_timestamp`, `order_approved_at`, `payment_sequential`, `payment_type`, `payment_value`) VALUES ('6257136504377196698', '9764049326625998570', '9901725972993161168', '2024-09-02 11:24:17', '2024-09-02 11:44:19', 1, 'credit_card', 65.71);
INSERT INTO `ORDER_LOGS` (`order_log_id`, `order_id`, `customer_id`, `order_purchase_timestamp`, `order_approved_at`, `payment_sequential`, `payment_type`, `payment_value`) VALUES ('6421240342907891381', '1240755318914572045', '8203309284730713190', '2024-09-02 14:31:30', '2024-09-02 04:04:09', 1, 'credit_card', 47.69);
INSERT INTO `ORDER_LOGS` (`order_log_id`, `order_id`, `customer_id`, `order_purchase_timestamp`, `order_approved_at`, `payment_sequential`, `payment_type`, `payment_value`) VALUES ('6437658671848641919', '8718652750341984851', '7256245308873331558', '2024-09-02 00:00:13', '2024-09-02 00:35:10', 1, 'credit_card', 541);
INSERT INTO `ORDER_LOGS` (`order_log_id`, `order_id`, `customer_id`, `order_purchase_timestamp`, `order_approved_at`, `payment_sequential`, `payment_type`, `payment_value`) VALUES ('6455580556019223683', '3299814015333757012', '2809031647022416698', '2024-09-02 09:42:43', '2024-09-02 02:49:54', 1, 'debit_card', 227.12);
INSERT INTO `ORDER_LOGS` (`order_log_id`, `order_id`, `customer_id`, `order_purchase_timestamp`, `order_approved_at`, `payment_sequential`, `payment_type`, `payment_value`) VALUES ('6477652947030784576', '3025689611090272123', '8105098478177657981', '2024-09-02 16:53:30', '2024-09-02 17:04:12', 1, 'credit_card', 34.78);
INSERT INTO `ORDER_LOGS` (`order_log_id`, `order_id`, `customer_id`, `order_purchase_timestamp`, `order_approved_at`, `payment_sequential`, `payment_type`, `payment_value`) VALUES ('6624618662129466915', '370662263535465878', '8373197412183284784', '2024-09-02 14:14:28', '2024-09-02 15:10:47', 1, 'credit_card', 105.28);
INSERT INTO `ORDER_LOGS` (`order_log_id`, `order_id`, `customer_id`, `order_purchase_timestamp`, `order_approved_at`, `payment_sequential`, `payment_type`, `payment_value`) VALUES ('6668871613747446248', '646009173201390611', '7576492733975309943', '2024-09-02 13:55:47', '2024-09-02 14:05:17', 1, 'credit_card', 121.49);
INSERT INTO `ORDER_LOGS` (`order_log_id`, `order_id`, `customer_id`, `order_purchase_timestamp`, `order_approved_at`, `payment_sequential`, `payment_type`, `payment_value`) VALUES ('6734791826045470063', '1246165831484909859', '6884374258198087610', '2024-09-02 20:42:44', '2024-09-02 20:55:09', 1, 'credit_card', 37.61);
INSERT INTO `ORDER_LOGS` (`order_log_id`, `order_id`, `customer_id`, `order_purchase_timestamp`, `order_approved_at`, `payment_sequential`, `payment_type`, `payment_value`) VALUES ('6981725466751190488', '7386401368739307569', '7292384183478335923', '2024-09-02 11:32:22', '2024-09-02 11:46:50', 1, 'credit_card', 115.59);
INSERT INTO `ORDER_LOGS` (`order_log_id`, `order_id`, `customer_id`, `order_purchase_timestamp`, `order_approved_at`, `payment_sequential`, `payment_type`, `payment_value`) VALUES ('701811209119316957', '3197223559958528196', '3452321146897272875', '2024-09-02 20:48:59', '2024-09-02 21:02:45', 1, 'credit_card', 169.34);
INSERT INTO `ORDER_LOGS` (`order_log_id`, `order_id`, `customer_id`, `order_purchase_timestamp`, `order_approved_at`, `payment_sequential`, `payment_type`, `payment_value`) VALUES ('713383317736809271', '4937560777754196415', '5249498322419236383', '2024-09-02 14:50:15', '2024-09-02 15:40:39', 1, 'credit_card', 27.35);
INSERT INTO `ORDER_LOGS` (`order_log_id`, `order_id`, `customer_id`, `order_purchase_timestamp`, `order_approved_at`, `payment_sequential`, `payment_type`, `payment_value`) VALUES ('7152615131832054993', '1684770472474985146', '4220460051993815592', '2024-09-02 09:10:34', '2024-09-02 09:32:22', 1, 'credit_card', 27.27);
INSERT INTO `ORDER_LOGS` (`order_log_id`, `order_id`, `customer_id`, `order_purchase_timestamp`, `order_approved_at`, `payment_sequential`, `payment_type`, `payment_value`) VALUES ('7292387444334765283', '9941632458398392797', '2562300167956153793', '2024-09-02 20:19:05', '2024-09-02 04:15:29', 1, 'credit_card', 278.22);
INSERT INTO `ORDER_LOGS` (`order_log_id`, `order_id`, `customer_id`, `order_purchase_timestamp`, `order_approved_at`, `payment_sequential`, `payment_type`, `payment_value`) VALUES ('7307186265500751359', '6770959297777854713', '9354389242904842811', '2024-09-02 17:15:46', '2024-09-02 05:15:56', 1, 'credit_card', 402.42);
INSERT INTO `ORDER_LOGS` (`order_log_id`, `order_id`, `customer_id`, `order_purchase_timestamp`, `order_approved_at`, `payment_sequential`, `payment_type`, `payment_value`) VALUES ('7338671090676434772', '183019675353668242', '4984405401693137182', '2024-09-02 22:39:29', '2024-09-02 22:50:24', 1, 'credit_card', 117.71);
INSERT INTO `ORDER_LOGS` (`order_log_id`, `order_id`, `customer_id`, `order_purchase_timestamp`, `order_approved_at`, `payment_sequential`, `payment_type`, `payment_value`) VALUES ('7412150168582862553', '3579701399134466598', '5679630566977806379', '2024-09-02 13:42:52', '2024-09-02 08:35:32', 1, 'credit_card', 132.51);
INSERT INTO `ORDER_LOGS` (`order_log_id`, `order_id`, `customer_id`, `order_purchase_timestamp`, `order_approved_at`, `payment_sequential`, `payment_type`, `payment_value`) VALUES ('7419155015255802108', '5874408036783233266', '7846179061900903771', '2024-09-02 13:10:30', '2024-09-02 13:22:11', 1, 'credit_card', 51.84);
INSERT INTO `ORDER_LOGS` (`order_log_id`, `order_id`, `customer_id`, `order_purchase_timestamp`, `order_approved_at`, `payment_sequential`, `payment_type`, `payment_value`) VALUES ('760197773007648908', '5624054676262851404', '6093296032407384173', '2024-09-02 10:25:52', '2024-09-02 10:58:32', 1, 'credit_card', 113.2);
INSERT INTO `ORDER_LOGS` (`order_log_id`, `order_id`, `customer_id`, `order_purchase_timestamp`, `order_approved_at`, `payment_sequential`, `payment_type`, `payment_value`) VALUES ('798834632874203533', '184461164784932262', '2077282214917306435', '2024-09-02 10:33:30', '2024-09-02 10:47:59', 1, 'boleto', 77.1);
INSERT INTO `ORDER_LOGS` (`order_log_id`, `order_id`, `customer_id`, `order_purchase_timestamp`, `order_approved_at`, `payment_sequential`, `payment_type`, `payment_value`) VALUES ('8006684237602159193', '4653903560179904291', '8827165144940732844', '2024-09-02 23:45:07', '2024-09-02 02:37:45', 1, 'credit_card', 121.45);
INSERT INTO `ORDER_LOGS` (`order_log_id`, `order_id`, `customer_id`, `order_purchase_timestamp`, `order_approved_at`, `payment_sequential`, `payment_type`, `payment_value`) VALUES ('8144921740445953740', '63199631012155355', '8026855518479284455', '2024-09-02 08:15:24', '2024-09-02 08:30:17', 1, 'boleto', 368.98);
INSERT INTO `ORDER_LOGS` (`order_log_id`, `order_id`, `customer_id`, `order_purchase_timestamp`, `order_approved_at`, `payment_sequential`, `payment_type`, `payment_value`) VALUES ('821433454054536291', '1628214721525861498', '3486518053727924727', '2024-09-02 08:59:39', '2024-09-02 09:31:36', 1, 'credit_card', 117.68);
INSERT INTO `ORDER_LOGS` (`order_log_id`, `order_id`, `customer_id`, `order_purchase_timestamp`, `order_approved_at`, `payment_sequential`, `payment_type`, `payment_value`) VALUES ('8236183670433561413', '3732244316660213383', '6663247745600094334', '2024-09-02 16:44:48', '2024-09-02 04:31:18', 1, 'boleto', 31.38);
INSERT INTO `ORDER_LOGS` (`order_log_id`, `order_id`, `customer_id`, `order_purchase_timestamp`, `order_approved_at`, `payment_sequential`, `payment_type`, `payment_value`) VALUES ('8440626900324467236', '7973572848739960184', '4754919283797347084', '2024-09-02 23:34:51', '2024-09-02 23:45:15', 1, 'credit_card', 65.09);
INSERT INTO `ORDER_LOGS` (`order_log_id`, `order_id`, `customer_id`, `order_purchase_timestamp`, `order_approved_at`, `payment_sequential`, `payment_type`, `payment_value`) VALUES ('8484447356521856372', '8188027069638726957', '6164326737605884285', '2024-09-02 08:33:19', '2024-09-02 14:31:10', 1, 'credit_card', 78.3);
INSERT INTO `ORDER_LOGS` (`order_log_id`, `order_id`, `customer_id`, `order_purchase_timestamp`, `order_approved_at`, `payment_sequential`, `payment_type`, `payment_value`) VALUES ('8512745745743985322', '6866863279308930538', '5213291443825581955', '2024-09-02 08:18:19', '2024-09-02 08:31:50', 1, 'credit_card', 99.43);
INSERT INTO `ORDER_LOGS` (`order_log_id`, `order_id`, `customer_id`, `order_purchase_timestamp`, `order_approved_at`, `payment_sequential`, `payment_type`, `payment_value`) VALUES ('8539624866366024531', '4015314907897432519', '257950399846129394', '2024-09-02 01:50:26', '2024-09-02 03:28:34', 1, 'credit_card', 139.22);
INSERT INTO `ORDER_LOGS` (`order_log_id`, `order_id`, `customer_id`, `order_purchase_timestamp`, `order_approved_at`, `payment_sequential`, `payment_type`, `payment_value`) VALUES ('8797282008674206053', '9417180407137165128', '8846328326587530904', '2024-09-02 21:44:54', '2024-09-02 21:51:28', 1, 'credit_card', 67.88);
INSERT INTO `ORDER_LOGS` (`order_log_id`, `order_id`, `customer_id`, `order_purchase_timestamp`, `order_approved_at`, `payment_sequential`, `payment_type`, `payment_value`) VALUES ('9042103639208579330', '3692337112926372596', '4632314359926612448', '2024-09-02 20:28:25', '2024-09-02 20:42:45', 1, 'credit_card', 32);
INSERT INTO `ORDER_LOGS` (`order_log_id`, `order_id`, `customer_id`, `order_purchase_timestamp`, `order_approved_at`, `payment_sequential`, `payment_type`, `payment_value`) VALUES ('9168153030055090492', '7492243485867184784', '3391045534421094663', '2024-09-02 22:17:15', '2024-09-02 07:55:14', 1, 'credit_card', 53.99);
INSERT INTO `ORDER_LOGS` (`order_log_id`, `order_id`, `customer_id`, `order_purchase_timestamp`, `order_approved_at`, `payment_sequential`, `payment_type`, `payment_value`) VALUES ('9212170572465121909', '9140175349652884014', '5724143087218781821', '2024-09-02 19:41:10', '2024-09-02 19:50:18', 1, 'credit_card', 188.73);
INSERT INTO `ORDER_LOGS` (`order_log_id`, `order_id`, `customer_id`, `order_purchase_timestamp`, `order_approved_at`, `payment_sequential`, `payment_type`, `payment_value`) VALUES ('9263234622634521789', '1095309945520109606', '7987289662851331100', '2024-09-02 18:15:12', '2024-09-02 02:10:52', 1, 'credit_card', 103.49);
INSERT INTO `ORDER_LOGS` (`order_log_id`, `order_id`, `customer_id`, `order_purchase_timestamp`, `order_approved_at`, `payment_sequential`, `payment_type`, `payment_value`) VALUES ('9328990732968770032', '3200260211800964519', '3556721329399866986', '2024-09-02 21:15:39', '2024-09-02 22:10:26', 1, 'credit_card', 30.28);
INSERT INTO `ORDER_LOGS` (`order_log_id`, `order_id`, `customer_id`, `order_purchase_timestamp`, `order_approved_at`, `payment_sequential`, `payment_type`, `payment_value`) VALUES ('9437477194513714772', '294827003596500147', '4632784313049567571', '2024-09-02 21:11:26', '2024-09-02 03:05:45', 1, 'credit_card', 68.49);
INSERT INTO `ORDER_LOGS` (`order_log_id`, `order_id`, `customer_id`, `order_purchase_timestamp`, `order_approved_at`, `payment_sequential`, `payment_type`, `payment_value`) VALUES ('9465805315581218379', '8009318204211257470', '2029512521916996066', '2024-09-02 14:02:19', '2024-09-02 02:53:07', 1, 'credit_card', 91.66);
INSERT INTO `ORDER_LOGS` (`order_log_id`, `order_id`, `customer_id`, `order_purchase_timestamp`, `order_approved_at`, `payment_sequential`, `payment_type`, `payment_value`) VALUES ('9547540625237054885', '638481675310134506', '7139629007857384742', '2024-09-02 14:39:59', '2024-09-02 14:55:10', 1, 'credit_card', 542.66);
INSERT INTO `ORDER_LOGS` (`order_log_id`, `order_id`, `customer_id`, `order_purchase_timestamp`, `order_approved_at`, `payment_sequential`, `payment_type`, `payment_value`) VALUES ('9683792585888335497', '9680277776162839654', '6088713473786805533', '2024-09-02 15:59:46', '2024-09-02 16:15:34', 1, 'credit_card', 173.84);
INSERT INTO `ORDER_LOGS` (`order_log_id`, `order_id`, `customer_id`, `order_purchase_timestamp`, `order_approved_at`, `payment_sequential`, `payment_type`, `payment_value`) VALUES ('9776310884364019067', '2250680018240521114', '4501022517928384667', '2024-09-02 07:55:29', '2024-09-02 08:07:31', 1, 'credit_card', 353.09);
INSERT INTO `ORDER_LOGS` (`order_log_id`, `order_id`, `customer_id`, `order_purchase_timestamp`, `order_approved_at`, `payment_sequential`, `payment_type`, `payment_value`) VALUES ('9849900425006487837', '8026459896574268364', '4253480086828712029', '2024-09-02 23:25:30', '2024-09-02 23:35:13', 1, 'credit_card', 266.16);
INSERT INTO `ORDER_LOGS` (`order_log_id`, `order_id`, `customer_id`, `order_purchase_timestamp`, `order_approved_at`, `payment_sequential`, `payment_type`, `payment_value`) VALUES ('9883001535219074059', '2891021209202556277', '8838771407728428321', '2024-09-02 07:50:33', '2024-09-02 08:05:08', 1, 'credit_card', 60.07);
INSERT INTO `ORDER_LOGS` (`order_log_id`, `order_id`, `customer_id`, `order_purchase_timestamp`, `order_approved_at`, `payment_sequential`, `payment_type`, `payment_value`) VALUES ('9918155388283615965', '1415750183937132637', '6674243918388127769', '2024-09-02 19:22:22', '2024-09-02 19:36:35', 1, 'credit_card', 117.85);
COMMIT;

SET FOREIGN_KEY_CHECKS = 1;
